Resource,Value,Nutrition,Weight,ValEfficiency,NutritionEfficiency,Categories1,Categories2,Categories3,Categories4
redcurrant,2.0,30.0,0.5,4.0,60.0,Food,Raw,,
cabbage,2.0,30.0,0.5,4.0,60.0,Food,Raw,,
barley,3.0,30.0,0.5,6.0,60.0,Food,Raw,,
beet,2.0,30.0,0.5,4.0,60.0,Food,Raw,,
carrot,2.0,30.0,0.5,4.0,60.0,Food,Raw,,
apple,2.0,30.0,0.5,4.0,60.0,Food,Raw,,
meat,2.0,30.0,0.5,4.0,60.0,Food,Raw,,
meat_human,2.0,30.0,0.5,4.0,60.0,Food,Raw,,
packaged_meal,15.0,95.0,0.3,50.0,316.6666666666667,Food,Meal,,
packaged_meal_meat_human,15.0,95.0,0.3,50.0,316.6666666666667,Food,Meal,,
roasted_meat,10.0,95.0,0.7,14.285714285714286,135.71428571428572,Food,Meal,,
roasted_meat_human,10.0,95.0,0.7,14.285714285714286,135.71428571428572,Food,Meal,,
lavish_meal,15.0,100.0,1.0,15.0,100.0,Food,Meal,,
lavish_meal_meat_human,15.0,100.0,1.0,15.0,100.0,Food,Meal,,
mushroom,2.0,30.0,0.5,4.0,60.0,Food,Raw,,
stew,10.0,95.0,0.7,14.285714285714286,135.71428571428572,Food,Meal,,
dubious_meal,1.0,60.0,0.5,2.0,120.0,Food,Meal,,
apple_pie,10.0,95.0,0.7,14.285714285714286,135.71428571428572,Food,Meal,,
honey_biscuits,10.0,95.0,0.7,14.285714285714286,135.71428571428572,Food,Meal,,
redcurrant_pie,10.0,95.0,0.7,14.285714285714286,135.71428571428572,Food,Meal,,
bread,10.0,95.0,0.7,14.285714285714286,135.71428571428572,Food,Meal,,
pickled_vegetable,5.0,33.0,0.5,10.0,66.0,Food,Raw,,
smoked_meat,5.0,33.0,0.5,10.0,66.0,Food,Raw,,
smoked_meat_human,5.0,33.0,0.5,10.0,66.0,Food,Raw,,
herbs,7.0,0.0,0.5,14.0,0.0,Medicine,,,
healing_kit_simple,25.0,0.0,0.5,50.0,0.0,Medicine,,,
healing_kit,30.0,0.0,0.5,60.0,0.0,Medicine,,,
healing_kit_advanced,40.0,0.0,0.5,80.0,0.0,Medicine,,,
honey,5.0,30.0,0.5,10.0,60.0,Food,Raw,,
clay_brick,3.0,0.0,1.0,3.0,0.0,Material,Manufactured,,
limestone_block,3.0,0.0,1.0,3.0,0.0,Material,Manufactured,,
alcohol,12.0,0.0,0.5,24.0,0.0,Food,Stimulants,,
ale,6.0,10.0,0.5,12.0,20.0,Food,Stimulants,,
beer,10.0,10.0,0.5,20.0,20.0,Food,Stimulants,,
rough_wine,3.0,5.0,0.5,6.0,10.0,Food,Stimulants,,
apple_cider,4.0,5.0,0.5,8.0,10.0,Food,Stimulants,,
mead,12.0,10.0,0.5,24.0,20.0,Food,Stimulants,,
leather,3.0,0.0,1.0,3.0,0.0,Textiles,,,
vinegar,4.0,0.0,0.5,8.0,0.0,Material,Manufactured,,
salt,2.0,0.0,0.1,20.0,0.0,Material,Unrefined,,
linen_cloth,3.0,0.0,1.0,3.0,0.0,Textiles,,,
wool_cloth,3.0,0.0,1.0,3.0,0.0,Textiles,,,
hay,1.0,0.0,0.5,2.0,0.0,Material,Unrefined,,
clay,1.0,0.0,1.0,1.0,0.0,Material,Unrefined,,
limestone,1.0,0.0,1.0,1.0,0.0,Material,Unrefined,,
silver,1.0,0.0,0.1,10.0,0.0,Material,Unrefined,,
gold,2.0,0.0,0.1,20.0,0.0,Material,Unrefined,,
iron,1.0,0.0,1.0,1.0,0.0,Material,Unrefined,,
iron_ingot,3.0,0.0,1.0,3.0,0.0,Material,Manufactured,,
steel_ingot,25.0,0.0,1.0,25.0,0.0,Material,Manufactured,,
gold_ingot,20.0,0.0,1.0,20.0,0.0,Material,Manufactured,,
silver_ingot,10.0,0.0,1.0,10.0,0.0,Material,Manufactured,,
sticks,1.0,0.0,0.3,3.3333333333333335,0.0,Material,Unrefined,,
wood,1.0,0.0,0.5,2.0,0.0,Material,Unrefined,,
coal,3.0,0.0,0.5,6.0,0.0,Material,Unrefined,,
ice_block,1.0,0.0,5.0,0.2,0.0,Material,Manufactured,,
basic_research_book,10.0,0.0,0.5,20.0,0.0,Books,,,
normal_research_book,25.0,0.0,0.5,50.0,0.0,Books,,,
advanced_research_book,40.0,0.0,0.5,80.0,0.0,Books,,,
bones,1.0,0.0,1.0,1.0,0.0,Waste,,,
deer_carcass,90.0,0.0,40.0,2.25,0.0,Carcass,Animal,,
enemy_carcass,7.0,0.0,40.0,0.175,0.0,Carcass,Human,,
human_carcass,7.0,0.0,40.0,0.175,0.0,Carcass,Human,,
hare_carcass,30.0,0.0,2.0,15.0,0.0,Carcass,Animal,,
wolf_carcass,45.0,0.0,20.0,2.25,0.0,Carcass,Animal,,
meat_rot,0.0,10.0,0.2,0.0,50.0,Waste,,,
vegetable_rot,0.0,10.0,0.2,0.0,50.0,Waste,,,
ash,0.0,0.0,0.1,0.0,0.0,Waste,,,
mechanical_parts,25.0,0.0,0.5,50.0,0.0,Material,Manufactured,,
cabbage_seed,1.0,0.0,0.1,10.0,0.0,Seeds,,,
carrot_seed,1.0,0.0,0.1,10.0,0.0,Seeds,,,
beet_seed,1.0,0.0,0.1,10.0,0.0,Seeds,,,
herbs_seed,1.0,0.0,0.1,10.0,0.0,Seeds,,,
flax_seed,1.0,0.0,0.1,10.0,0.0,Seeds,,,
birch_sapling,2.0,0.0,2.0,1.0,0.0,Seeds,,,
oak_sapling,2.0,0.0,2.0,1.0,0.0,Seeds,,,
maple_sapling,2.0,0.0,2.0,1.0,0.0,Seeds,,,
pine_sapling,2.0,0.0,2.0,1.0,0.0,Seeds,,,
apple_sapling,30.0,0.0,2.0,15.0,0.0,Seeds,,,
tallow,3.0,0.0,0.5,6.0,0.0,Material,Manufactured,,
wax,3.0,0.0,0.5,6.0,0.0,Material,Manufactured,,
flimsy_iron_dagger,18.0,0.0,0.3,60.0,0.0,Warfare,Weapon,Melee,Onehanded
sturdy_iron_dagger,28.0,0.0,0.3,93.33333333333334,0.0,Warfare,Weapon,Melee,Onehanded
good_iron_dagger,40.0,0.0,0.3,133.33333333333334,0.0,Warfare,Weapon,Melee,Onehanded
fine_iron_dagger,46.0,0.0,0.3,153.33333333333334,0.0,Warfare,Weapon,Melee,Onehanded
superior_iron_dagger,56.0,0.0,0.3,186.66666666666669,0.0,Warfare,Weapon,Melee,Onehanded
flawless_iron_dagger,64.0,0.0,0.3,213.33333333333334,0.0,Warfare,Weapon,Melee,Onehanded
flimsy_steel_dagger,32.0,0.0,0.3,106.66666666666667,0.0,Warfare,Weapon,Melee,Onehanded
sturdy_steel_dagger,50.0,0.0,0.3,166.66666666666669,0.0,Warfare,Weapon,Melee,Onehanded
good_steel_dagger,72.0,0.0,0.3,240.0,0.0,Warfare,Weapon,Melee,Onehanded
fine_steel_dagger,83.0,0.0,0.3,276.6666666666667,0.0,Warfare,Weapon,Melee,Onehanded
superior_steel_dagger,101.0,0.0,0.3,336.6666666666667,0.0,Warfare,Weapon,Melee,Onehanded
flawless_steel_dagger,115.0,0.0,0.3,383.33333333333337,0.0,Warfare,Weapon,Melee,Onehanded
flimsy_silver_dagger,19.0,0.0,0.33,57.57575757575757,0.0,Warfare,Weapon,Melee,Onehanded
sturdy_silver_dagger,29.0,0.0,0.33,87.87878787878788,0.0,Warfare,Weapon,Melee,Onehanded
good_silver_dagger,42.0,0.0,0.33,127.27272727272727,0.0,Warfare,Weapon,Melee,Onehanded
fine_silver_dagger,48.0,0.0,0.33,145.45454545454544,0.0,Warfare,Weapon,Melee,Onehanded
superior_silver_dagger,59.0,0.0,0.33,178.78787878787878,0.0,Warfare,Weapon,Melee,Onehanded
flawless_silver_dagger,67.0,0.0,0.33,203.03030303030303,0.0,Warfare,Weapon,Melee,Onehanded
flimsy_gold_dagger,20.0,0.0,0.6,33.333333333333336,0.0,Warfare,Weapon,Melee,Onehanded
sturdy_gold_dagger,31.0,0.0,0.6,51.66666666666667,0.0,Warfare,Weapon,Melee,Onehanded
good_gold_dagger,44.0,0.0,0.6,73.33333333333334,0.0,Warfare,Weapon,Melee,Onehanded
fine_gold_dagger,51.0,0.0,0.6,85.0,0.0,Warfare,Weapon,Melee,Onehanded
superior_gold_dagger,62.0,0.0,0.6,103.33333333333334,0.0,Warfare,Weapon,Melee,Onehanded
flawless_gold_dagger,70.0,0.0,0.6,116.66666666666667,0.0,Warfare,Weapon,Melee,Onehanded
flimsy_iron_short_sword,45.0,0.0,0.5,90.0,0.0,Warfare,Weapon,Melee,Onehanded
sturdy_iron_short_sword,70.0,0.0,0.5,140.0,0.0,Warfare,Weapon,Melee,Onehanded
good_iron_short_sword,100.0,0.0,0.5,200.0,0.0,Warfare,Weapon,Melee,Onehanded
fine_iron_short_sword,115.0,0.0,0.5,230.0,0.0,Warfare,Weapon,Melee,Onehanded
superior_iron_short_sword,140.0,0.0,0.5,280.0,0.0,Warfare,Weapon,Melee,Onehanded
flawless_iron_short_sword,160.0,0.0,0.5,320.0,0.0,Warfare,Weapon,Melee,Onehanded
flimsy_steel_short_sword,81.0,0.0,0.5,162.0,0.0,Warfare,Weapon,Melee,Onehanded
sturdy_steel_short_sword,126.0,0.0,0.5,252.0,0.0,Warfare,Weapon,Melee,Onehanded
good_steel_short_sword,180.0,0.0,0.5,360.0,0.0,Warfare,Weapon,Melee,Onehanded
fine_steel_short_sword,207.0,0.0,0.5,414.0,0.0,Warfare,Weapon,Melee,Onehanded
superior_steel_short_sword,252.0,0.0,0.5,504.0,0.0,Warfare,Weapon,Melee,Onehanded
flawless_steel_short_sword,288.0,0.0,0.5,576.0,0.0,Warfare,Weapon,Melee,Onehanded
flimsy_silver_short_sword,47.0,0.0,0.55,85.45454545454545,0.0,Warfare,Weapon,Melee,Onehanded
sturdy_silver_short_sword,74.0,0.0,0.55,134.54545454545453,0.0,Warfare,Weapon,Melee,Onehanded
good_silver_short_sword,105.0,0.0,0.55,190.9090909090909,0.0,Warfare,Weapon,Melee,Onehanded
fine_silver_short_sword,121.0,0.0,0.55,219.99999999999997,0.0,Warfare,Weapon,Melee,Onehanded
superior_silver_short_sword,147.0,0.0,0.55,267.27272727272725,0.0,Warfare,Weapon,Melee,Onehanded
flawless_silver_short_sword,168.0,0.0,0.55,305.45454545454544,0.0,Warfare,Weapon,Melee,Onehanded
flimsy_gold_short_sword,50.0,0.0,1.0,50.0,0.0,Warfare,Weapon,Melee,Onehanded
sturdy_gold_short_sword,77.0,0.0,1.0,77.0,0.0,Warfare,Weapon,Melee,Onehanded
good_gold_short_sword,110.0,0.0,1.0,110.0,0.0,Warfare,Weapon,Melee,Onehanded
fine_gold_short_sword,127.0,0.0,1.0,127.0,0.0,Warfare,Weapon,Melee,Onehanded
superior_gold_short_sword,154.0,0.0,1.0,154.0,0.0,Warfare,Weapon,Melee,Onehanded
flawless_gold_short_sword,176.0,0.0,1.0,176.0,0.0,Warfare,Weapon,Melee,Onehanded
flimsy_iron_falchion,54.0,0.0,0.8,67.5,0.0,Warfare,Weapon,Melee,Onehanded
sturdy_iron_falchion,84.0,0.0,0.8,105.0,0.0,Warfare,Weapon,Melee,Onehanded
good_iron_falchion,120.0,0.0,0.8,150.0,0.0,Warfare,Weapon,Melee,Onehanded
fine_iron_falchion,138.0,0.0,0.8,172.5,0.0,Warfare,Weapon,Melee,Onehanded
superior_iron_falchion,168.0,0.0,0.8,210.0,0.0,Warfare,Weapon,Melee,Onehanded
flawless_iron_falchion,192.0,0.0,0.8,240.0,0.0,Warfare,Weapon,Melee,Onehanded
flimsy_steel_falchion,97.0,0.0,0.8,121.25,0.0,Warfare,Weapon,Melee,Onehanded
sturdy_steel_falchion,151.0,0.0,0.8,188.75,0.0,Warfare,Weapon,Melee,Onehanded
good_steel_falchion,216.0,0.0,0.8,270.0,0.0,Warfare,Weapon,Melee,Onehanded
fine_steel_falchion,248.0,0.0,0.8,310.0,0.0,Warfare,Weapon,Melee,Onehanded
superior_steel_falchion,302.0,0.0,0.8,377.5,0.0,Warfare,Weapon,Melee,Onehanded
flawless_steel_falchion,346.0,0.0,0.8,432.5,0.0,Warfare,Weapon,Melee,Onehanded
flimsy_silver_falchion,57.0,0.0,0.8800000000000001,64.77272727272727,0.0,Warfare,Weapon,Melee,Onehanded
sturdy_silver_falchion,88.0,0.0,0.8800000000000001,99.99999999999999,0.0,Warfare,Weapon,Melee,Onehanded
good_silver_falchion,126.0,0.0,0.8800000000000001,143.18181818181816,0.0,Warfare,Weapon,Melee,Onehanded
fine_silver_falchion,145.0,0.0,0.8800000000000001,164.77272727272725,0.0,Warfare,Weapon,Melee,Onehanded
superior_silver_falchion,176.0,0.0,0.8800000000000001,199.99999999999997,0.0,Warfare,Weapon,Melee,Onehanded
flawless_silver_falchion,202.0,0.0,0.8800000000000001,229.5454545454545,0.0,Warfare,Weapon,Melee,Onehanded
flimsy_gold_falchion,59.0,0.0,1.6,36.875,0.0,Warfare,Weapon,Melee,Onehanded
sturdy_gold_falchion,92.0,0.0,1.6,57.5,0.0,Warfare,Weapon,Melee,Onehanded
good_gold_falchion,132.0,0.0,1.6,82.5,0.0,Warfare,Weapon,Melee,Onehanded
fine_gold_falchion,152.0,0.0,1.6,95.0,0.0,Warfare,Weapon,Melee,Onehanded
superior_gold_falchion,185.0,0.0,1.6,115.625,0.0,Warfare,Weapon,Melee,Onehanded
flawless_gold_falchion,211.0,0.0,1.6,131.875,0.0,Warfare,Weapon,Melee,Onehanded
flimsy_iron_knightly_sword,54.0,0.0,1.0,54.0,0.0,Warfare,Weapon,Melee,Onehanded
sturdy_iron_knightly_sword,84.0,0.0,1.0,84.0,0.0,Warfare,Weapon,Melee,Onehanded
good_iron_knightly_sword,120.0,0.0,1.0,120.0,0.0,Warfare,Weapon,Melee,Onehanded
fine_iron_knightly_sword,138.0,0.0,1.0,138.0,0.0,Warfare,Weapon,Melee,Onehanded
superior_iron_knightly_sword,168.0,0.0,1.0,168.0,0.0,Warfare,Weapon,Melee,Onehanded
flawless_iron_knightly_sword,192.0,0.0,1.0,192.0,0.0,Warfare,Weapon,Melee,Onehanded
flimsy_steel_knightly_sword,97.0,0.0,1.0,97.0,0.0,Warfare,Weapon,Melee,Onehanded
sturdy_steel_knightly_sword,151.0,0.0,1.0,151.0,0.0,Warfare,Weapon,Melee,Onehanded
good_steel_knightly_sword,216.0,0.0,1.0,216.0,0.0,Warfare,Weapon,Melee,Onehanded
fine_steel_knightly_sword,248.0,0.0,1.0,248.0,0.0,Warfare,Weapon,Melee,Onehanded
superior_steel_knightly_sword,302.0,0.0,1.0,302.0,0.0,Warfare,Weapon,Melee,Onehanded
flawless_steel_knightly_sword,346.0,0.0,1.0,346.0,0.0,Warfare,Weapon,Melee,Onehanded
flimsy_silver_knightly_sword,57.0,0.0,1.1,51.81818181818181,0.0,Warfare,Weapon,Melee,Onehanded
sturdy_silver_knightly_sword,88.0,0.0,1.1,80.0,0.0,Warfare,Weapon,Melee,Onehanded
good_silver_knightly_sword,126.0,0.0,1.1,114.54545454545453,0.0,Warfare,Weapon,Melee,Onehanded
fine_silver_knightly_sword,145.0,0.0,1.1,131.8181818181818,0.0,Warfare,Weapon,Melee,Onehanded
superior_silver_knightly_sword,176.0,0.0,1.1,160.0,0.0,Warfare,Weapon,Melee,Onehanded
flawless_silver_knightly_sword,202.0,0.0,1.1,183.63636363636363,0.0,Warfare,Weapon,Melee,Onehanded
flimsy_gold_knightly_sword,59.0,0.0,2.0,29.5,0.0,Warfare,Weapon,Melee,Onehanded
sturdy_gold_knightly_sword,92.0,0.0,2.0,46.0,0.0,Warfare,Weapon,Melee,Onehanded
good_gold_knightly_sword,132.0,0.0,2.0,66.0,0.0,Warfare,Weapon,Melee,Onehanded
fine_gold_knightly_sword,152.0,0.0,2.0,76.0,0.0,Warfare,Weapon,Melee,Onehanded
superior_gold_knightly_sword,185.0,0.0,2.0,92.5,0.0,Warfare,Weapon,Melee,Onehanded
flawless_gold_knightly_sword,211.0,0.0,2.0,105.5,0.0,Warfare,Weapon,Melee,Onehanded
flimsy_iron_longsword,68.0,0.0,1.5,45.333333333333336,0.0,Warfare,Weapon,Melee,Twohanded
sturdy_iron_longsword,105.0,0.0,1.5,70.0,0.0,Warfare,Weapon,Melee,Twohanded
good_iron_longsword,150.0,0.0,1.5,100.0,0.0,Warfare,Weapon,Melee,Twohanded
fine_iron_longsword,173.0,0.0,1.5,115.33333333333333,0.0,Warfare,Weapon,Melee,Twohanded
superior_iron_longsword,210.0,0.0,1.5,140.0,0.0,Warfare,Weapon,Melee,Twohanded
flawless_iron_longsword,240.0,0.0,1.5,160.0,0.0,Warfare,Weapon,Melee,Twohanded
flimsy_steel_longsword,122.0,0.0,1.5,81.33333333333333,0.0,Warfare,Weapon,Melee,Twohanded
sturdy_steel_longsword,189.0,0.0,1.5,126.0,0.0,Warfare,Weapon,Melee,Twohanded
good_steel_longsword,270.0,0.0,1.5,180.0,0.0,Warfare,Weapon,Melee,Twohanded
fine_steel_longsword,311.0,0.0,1.5,207.33333333333334,0.0,Warfare,Weapon,Melee,Twohanded
superior_steel_longsword,378.0,0.0,1.5,252.0,0.0,Warfare,Weapon,Melee,Twohanded
flawless_steel_longsword,432.0,0.0,1.5,288.0,0.0,Warfare,Weapon,Melee,Twohanded
flimsy_silver_longsword,71.0,0.0,1.6500000000000001,43.030303030303024,0.0,Warfare,Weapon,Melee,Twohanded
sturdy_silver_longsword,110.0,0.0,1.6500000000000001,66.66666666666666,0.0,Warfare,Weapon,Melee,Twohanded
good_silver_longsword,158.0,0.0,1.6500000000000001,95.75757575757575,0.0,Warfare,Weapon,Melee,Twohanded
fine_silver_longsword,181.0,0.0,1.6500000000000001,109.69696969696969,0.0,Warfare,Weapon,Melee,Twohanded
superior_silver_longsword,221.0,0.0,1.6500000000000001,133.93939393939394,0.0,Warfare,Weapon,Melee,Twohanded
flawless_silver_longsword,252.0,0.0,1.6500000000000001,152.72727272727272,0.0,Warfare,Weapon,Melee,Twohanded
flimsy_gold_longsword,74.0,0.0,3.0,24.666666666666668,0.0,Warfare,Weapon,Melee,Twohanded
sturdy_gold_longsword,116.0,0.0,3.0,38.666666666666664,0.0,Warfare,Weapon,Melee,Twohanded
good_gold_longsword,165.0,0.0,3.0,55.0,0.0,Warfare,Weapon,Melee,Twohanded
fine_gold_longsword,190.0,0.0,3.0,63.333333333333336,0.0,Warfare,Weapon,Melee,Twohanded
superior_gold_longsword,231.0,0.0,3.0,77.0,0.0,Warfare,Weapon,Melee,Twohanded
flawless_gold_longsword,264.0,0.0,3.0,88.0,0.0,Warfare,Weapon,Melee,Twohanded
flimsy_iron_greatsword,59.0,0.0,3.0,19.666666666666668,0.0,Warfare,Weapon,Melee,Twohanded
sturdy_iron_greatsword,91.0,0.0,3.0,30.333333333333332,0.0,Warfare,Weapon,Melee,Twohanded
good_iron_greatsword,130.0,0.0,3.0,43.333333333333336,0.0,Warfare,Weapon,Melee,Twohanded
fine_iron_greatsword,150.0,0.0,3.0,50.0,0.0,Warfare,Weapon,Melee,Twohanded
superior_iron_greatsword,182.0,0.0,3.0,60.666666666666664,0.0,Warfare,Weapon,Melee,Twohanded
flawless_iron_greatsword,208.0,0.0,3.0,69.33333333333333,0.0,Warfare,Weapon,Melee,Twohanded
flimsy_steel_greatsword,105.0,0.0,3.0,35.0,0.0,Warfare,Weapon,Melee,Twohanded
sturdy_steel_greatsword,164.0,0.0,3.0,54.666666666666664,0.0,Warfare,Weapon,Melee,Twohanded
good_steel_greatsword,234.0,0.0,3.0,78.0,0.0,Warfare,Weapon,Melee,Twohanded
fine_steel_greatsword,269.0,0.0,3.0,89.66666666666667,0.0,Warfare,Weapon,Melee,Twohanded
superior_steel_greatsword,328.0,0.0,3.0,109.33333333333333,0.0,Warfare,Weapon,Melee,Twohanded
flawless_steel_greatsword,374.0,0.0,3.0,124.66666666666667,0.0,Warfare,Weapon,Melee,Twohanded
flimsy_silver_greatsword,61.0,0.0,3.3000000000000003,18.484848484848484,0.0,Warfare,Weapon,Melee,Twohanded
sturdy_silver_greatsword,96.0,0.0,3.3000000000000003,29.09090909090909,0.0,Warfare,Weapon,Melee,Twohanded
good_silver_greatsword,137.0,0.0,3.3000000000000003,41.51515151515151,0.0,Warfare,Weapon,Melee,Twohanded
fine_silver_greatsword,157.0,0.0,3.3000000000000003,47.57575757575757,0.0,Warfare,Weapon,Melee,Twohanded
superior_silver_greatsword,191.0,0.0,3.3000000000000003,57.878787878787875,0.0,Warfare,Weapon,Melee,Twohanded
flawless_silver_greatsword,218.0,0.0,3.3000000000000003,66.06060606060606,0.0,Warfare,Weapon,Melee,Twohanded
flimsy_gold_greatsword,64.0,0.0,6.0,10.666666666666666,0.0,Warfare,Weapon,Melee,Twohanded
sturdy_gold_greatsword,100.0,0.0,6.0,16.666666666666668,0.0,Warfare,Weapon,Melee,Twohanded
good_gold_greatsword,143.0,0.0,6.0,23.833333333333332,0.0,Warfare,Weapon,Melee,Twohanded
fine_gold_greatsword,164.0,0.0,6.0,27.333333333333332,0.0,Warfare,Weapon,Melee,Twohanded
superior_gold_greatsword,200.0,0.0,6.0,33.333333333333336,0.0,Warfare,Weapon,Melee,Twohanded
flawless_gold_greatsword,229.0,0.0,6.0,38.166666666666664,0.0,Warfare,Weapon,Melee,Twohanded
flimsy_staff,27.0,0.0,3.0,9.0,0.0,Warfare,Weapon,Melee,Twohanded
sturdy_staff,42.0,0.0,3.0,14.0,0.0,Warfare,Weapon,Melee,Twohanded
good_staff,60.0,0.0,3.0,20.0,0.0,Warfare,Weapon,Melee,Twohanded
fine_staff,69.0,0.0,3.0,23.0,0.0,Warfare,Weapon,Melee,Twohanded
superior_staff,84.0,0.0,3.0,28.0,0.0,Warfare,Weapon,Melee,Twohanded
flawless_staff,96.0,0.0,3.0,32.0,0.0,Warfare,Weapon,Melee,Twohanded
flimsy_cudgel,18.0,0.0,2.0,9.0,0.0,Warfare,Weapon,Melee,Onehanded
sturdy_cudgel,28.0,0.0,2.0,14.0,0.0,Warfare,Weapon,Melee,Onehanded
good_cudgel,40.0,0.0,2.0,20.0,0.0,Warfare,Weapon,Melee,Onehanded
fine_cudgel,46.0,0.0,2.0,23.0,0.0,Warfare,Weapon,Melee,Onehanded
superior_cudgel,56.0,0.0,2.0,28.0,0.0,Warfare,Weapon,Melee,Onehanded
flawless_cudgel,64.0,0.0,2.0,32.0,0.0,Warfare,Weapon,Melee,Onehanded
flimsy_bone_cudgel,18.0,0.0,2.0,9.0,0.0,Warfare,Weapon,Melee,Onehanded
sturdy_bone_cudgel,28.0,0.0,2.0,14.0,0.0,Warfare,Weapon,Melee,Onehanded
good_bone_cudgel,40.0,0.0,2.0,20.0,0.0,Warfare,Weapon,Melee,Onehanded
fine_bone_cudgel,46.0,0.0,2.0,23.0,0.0,Warfare,Weapon,Melee,Onehanded
superior_bone_cudgel,56.0,0.0,2.0,28.0,0.0,Warfare,Weapon,Melee,Onehanded
flawless_bone_cudgel,64.0,0.0,2.0,32.0,0.0,Warfare,Weapon,Melee,Onehanded
flimsy_bludgeon,18.0,0.0,2.0,9.0,0.0,Warfare,Weapon,Melee,Onehanded
sturdy_bludgeon,28.0,0.0,2.0,14.0,0.0,Warfare,Weapon,Melee,Onehanded
good_bludgeon,40.0,0.0,2.0,20.0,0.0,Warfare,Weapon,Melee,Onehanded
fine_bludgeon,46.0,0.0,2.0,23.0,0.0,Warfare,Weapon,Melee,Onehanded
superior_bludgeon,56.0,0.0,2.0,28.0,0.0,Warfare,Weapon,Melee,Onehanded
flawless_bludgeon,64.0,0.0,2.0,32.0,0.0,Warfare,Weapon,Melee,Onehanded
flimsy_iron_mace,45.0,0.0,3.0,15.0,0.0,Warfare,Weapon,Melee,Onehanded
sturdy_iron_mace,70.0,0.0,3.0,23.333333333333332,0.0,Warfare,Weapon,Melee,Onehanded
good_iron_mace,100.0,0.0,3.0,33.333333333333336,0.0,Warfare,Weapon,Melee,Onehanded
fine_iron_mace,115.0,0.0,3.0,38.333333333333336,0.0,Warfare,Weapon,Melee,Onehanded
superior_iron_mace,140.0,0.0,3.0,46.666666666666664,0.0,Warfare,Weapon,Melee,Onehanded
flawless_iron_mace,160.0,0.0,3.0,53.333333333333336,0.0,Warfare,Weapon,Melee,Onehanded
flimsy_steel_mace,81.0,0.0,3.0,27.0,0.0,Warfare,Weapon,Melee,Onehanded
sturdy_steel_mace,126.0,0.0,3.0,42.0,0.0,Warfare,Weapon,Melee,Onehanded
good_steel_mace,180.0,0.0,3.0,60.0,0.0,Warfare,Weapon,Melee,Onehanded
fine_steel_mace,207.0,0.0,3.0,69.0,0.0,Warfare,Weapon,Melee,Onehanded
superior_steel_mace,252.0,0.0,3.0,84.0,0.0,Warfare,Weapon,Melee,Onehanded
flawless_steel_mace,288.0,0.0,3.0,96.0,0.0,Warfare,Weapon,Melee,Onehanded
flimsy_silver_mace,47.0,0.0,3.3000000000000003,14.24242424242424,0.0,Warfare,Weapon,Melee,Onehanded
sturdy_silver_mace,74.0,0.0,3.3000000000000003,22.424242424242422,0.0,Warfare,Weapon,Melee,Onehanded
good_silver_mace,105.0,0.0,3.3000000000000003,31.818181818181817,0.0,Warfare,Weapon,Melee,Onehanded
fine_silver_mace,121.0,0.0,3.3000000000000003,36.666666666666664,0.0,Warfare,Weapon,Melee,Onehanded
superior_silver_mace,147.0,0.0,3.3000000000000003,44.54545454545454,0.0,Warfare,Weapon,Melee,Onehanded
flawless_silver_mace,168.0,0.0,3.3000000000000003,50.90909090909091,0.0,Warfare,Weapon,Melee,Onehanded
flimsy_gold_mace,50.0,0.0,6.0,8.333333333333334,0.0,Warfare,Weapon,Melee,Onehanded
sturdy_gold_mace,77.0,0.0,6.0,12.833333333333334,0.0,Warfare,Weapon,Melee,Onehanded
good_gold_mace,110.0,0.0,6.0,18.333333333333332,0.0,Warfare,Weapon,Melee,Onehanded
fine_gold_mace,127.0,0.0,6.0,21.166666666666668,0.0,Warfare,Weapon,Melee,Onehanded
superior_gold_mace,154.0,0.0,6.0,25.666666666666668,0.0,Warfare,Weapon,Melee,Onehanded
flawless_gold_mace,176.0,0.0,6.0,29.333333333333332,0.0,Warfare,Weapon,Melee,Onehanded
flimsy_iron_two_handed_mace,54.0,0.0,4.0,13.5,0.0,Warfare,Weapon,Melee,Twohanded
sturdy_iron_two_handed_mace,84.0,0.0,4.0,21.0,0.0,Warfare,Weapon,Melee,Twohanded
good_iron_two_handed_mace,120.0,0.0,4.0,30.0,0.0,Warfare,Weapon,Melee,Twohanded
fine_iron_two_handed_mace,138.0,0.0,4.0,34.5,0.0,Warfare,Weapon,Melee,Twohanded
superior_iron_two_handed_mace,168.0,0.0,4.0,42.0,0.0,Warfare,Weapon,Melee,Twohanded
flawless_iron_two_handed_mace,192.0,0.0,4.0,48.0,0.0,Warfare,Weapon,Melee,Twohanded
flimsy_steel_two_handed_mace,97.0,0.0,4.0,24.25,0.0,Warfare,Weapon,Melee,Twohanded
sturdy_steel_two_handed_mace,151.0,0.0,4.0,37.75,0.0,Warfare,Weapon,Melee,Twohanded
good_steel_two_handed_mace,216.0,0.0,4.0,54.0,0.0,Warfare,Weapon,Melee,Twohanded
fine_steel_two_handed_mace,248.0,0.0,4.0,62.0,0.0,Warfare,Weapon,Melee,Twohanded
superior_steel_two_handed_mace,302.0,0.0,4.0,75.5,0.0,Warfare,Weapon,Melee,Twohanded
flawless_steel_two_handed_mace,346.0,0.0,4.0,86.5,0.0,Warfare,Weapon,Melee,Twohanded
flimsy_silver_two_handed_mace,57.0,0.0,4.4,12.954545454545453,0.0,Warfare,Weapon,Melee,Twohanded
sturdy_silver_two_handed_mace,88.0,0.0,4.4,20.0,0.0,Warfare,Weapon,Melee,Twohanded
good_silver_two_handed_mace,126.0,0.0,4.4,28.636363636363633,0.0,Warfare,Weapon,Melee,Twohanded
fine_silver_two_handed_mace,145.0,0.0,4.4,32.95454545454545,0.0,Warfare,Weapon,Melee,Twohanded
superior_silver_two_handed_mace,176.0,0.0,4.4,40.0,0.0,Warfare,Weapon,Melee,Twohanded
flawless_silver_two_handed_mace,202.0,0.0,4.4,45.90909090909091,0.0,Warfare,Weapon,Melee,Twohanded
flimsy_gold_two_handed_mace,59.0,0.0,8.0,7.375,0.0,Warfare,Weapon,Melee,Twohanded
sturdy_gold_two_handed_mace,92.0,0.0,8.0,11.5,0.0,Warfare,Weapon,Melee,Twohanded
good_gold_two_handed_mace,132.0,0.0,8.0,16.5,0.0,Warfare,Weapon,Melee,Twohanded
fine_gold_two_handed_mace,152.0,0.0,8.0,19.0,0.0,Warfare,Weapon,Melee,Twohanded
superior_gold_two_handed_mace,185.0,0.0,8.0,23.125,0.0,Warfare,Weapon,Melee,Twohanded
flawless_gold_two_handed_mace,211.0,0.0,8.0,26.375,0.0,Warfare,Weapon,Melee,Twohanded
flimsy_two_handed_flanged_mace,54.0,0.0,4.0,13.5,0.0,Warfare,Weapon,Melee,Twohanded
sturdy_two_handed_flanged_mace,84.0,0.0,4.0,21.0,0.0,Warfare,Weapon,Melee,Twohanded
good_two_handed_flanged_mace,120.0,0.0,4.0,30.0,0.0,Warfare,Weapon,Melee,Twohanded
fine_two_handed_flanged_mace,138.0,0.0,4.0,34.5,0.0,Warfare,Weapon,Melee,Twohanded
superior_two_handed_flanged_mace,168.0,0.0,4.0,42.0,0.0,Warfare,Weapon,Melee,Twohanded
flawless_two_handed_flanged_mace,192.0,0.0,4.0,48.0,0.0,Warfare,Weapon,Melee,Twohanded
flimsy_military_pick,68.0,0.0,3.0,22.666666666666668,0.0,Warfare,Weapon,Melee,Onehanded
sturdy_military_pick,105.0,0.0,3.0,35.0,0.0,Warfare,Weapon,Melee,Onehanded
good_military_pick,150.0,0.0,3.0,50.0,0.0,Warfare,Weapon,Melee,Onehanded
fine_military_pick,173.0,0.0,3.0,57.666666666666664,0.0,Warfare,Weapon,Melee,Onehanded
superior_military_pick,210.0,0.0,3.0,70.0,0.0,Warfare,Weapon,Melee,Onehanded
flawless_military_pick,240.0,0.0,3.0,80.0,0.0,Warfare,Weapon,Melee,Onehanded
flimsy_wooden_spear,29.0,0.0,2.0,14.5,0.0,Warfare,Weapon,Melee,Twohanded
sturdy_wooden_spear,46.0,0.0,2.0,23.0,0.0,Warfare,Weapon,Melee,Twohanded
good_wooden_spear,65.0,0.0,2.0,32.5,0.0,Warfare,Weapon,Melee,Twohanded
fine_wooden_spear,75.0,0.0,2.0,37.5,0.0,Warfare,Weapon,Melee,Twohanded
superior_wooden_spear,91.0,0.0,2.0,45.5,0.0,Warfare,Weapon,Melee,Twohanded
flawless_wooden_spear,104.0,0.0,2.0,52.0,0.0,Warfare,Weapon,Melee,Twohanded
flimsy_bone_spear,29.0,0.0,2.0,14.5,0.0,Warfare,Weapon,Melee,Twohanded
sturdy_bone_spear,46.0,0.0,2.0,23.0,0.0,Warfare,Weapon,Melee,Twohanded
good_bone_spear,65.0,0.0,2.0,32.5,0.0,Warfare,Weapon,Melee,Twohanded
fine_bone_spear,75.0,0.0,2.0,37.5,0.0,Warfare,Weapon,Melee,Twohanded
superior_bone_spear,91.0,0.0,2.0,45.5,0.0,Warfare,Weapon,Melee,Twohanded
flawless_bone_spear,104.0,0.0,2.0,52.0,0.0,Warfare,Weapon,Melee,Twohanded
flimsy_spear,29.0,0.0,4.0,7.25,0.0,Warfare,Weapon,Melee,Twohanded
sturdy_spear,46.0,0.0,4.0,11.5,0.0,Warfare,Weapon,Melee,Twohanded
good_spear,65.0,0.0,4.0,16.25,0.0,Warfare,Weapon,Melee,Twohanded
fine_spear,75.0,0.0,4.0,18.75,0.0,Warfare,Weapon,Melee,Twohanded
superior_spear,91.0,0.0,4.0,22.75,0.0,Warfare,Weapon,Melee,Twohanded
flawless_spear,104.0,0.0,4.0,26.0,0.0,Warfare,Weapon,Melee,Twohanded
flimsy_iron_berdiche,38.0,0.0,5.0,7.6,0.0,Warfare,Weapon,Melee,Twohanded
sturdy_iron_berdiche,60.0,0.0,5.0,12.0,0.0,Warfare,Weapon,Melee,Twohanded
good_iron_berdiche,85.0,0.0,5.0,17.0,0.0,Warfare,Weapon,Melee,Twohanded
fine_iron_berdiche,98.0,0.0,5.0,19.6,0.0,Warfare,Weapon,Melee,Twohanded
superior_iron_berdiche,119.0,0.0,5.0,23.8,0.0,Warfare,Weapon,Melee,Twohanded
flawless_iron_berdiche,136.0,0.0,5.0,27.2,0.0,Warfare,Weapon,Melee,Twohanded
flimsy_steel_berdiche,69.0,0.0,5.0,13.8,0.0,Warfare,Weapon,Melee,Twohanded
sturdy_steel_berdiche,107.0,0.0,5.0,21.4,0.0,Warfare,Weapon,Melee,Twohanded
good_steel_berdiche,153.0,0.0,5.0,30.6,0.0,Warfare,Weapon,Melee,Twohanded
fine_steel_berdiche,176.0,0.0,5.0,35.2,0.0,Warfare,Weapon,Melee,Twohanded
superior_steel_berdiche,214.0,0.0,5.0,42.8,0.0,Warfare,Weapon,Melee,Twohanded
flawless_steel_berdiche,245.0,0.0,5.0,49.0,0.0,Warfare,Weapon,Melee,Twohanded
flimsy_silver_berdiche,40.0,0.0,5.5,7.2727272727272725,0.0,Warfare,Weapon,Melee,Twohanded
sturdy_silver_berdiche,62.0,0.0,5.5,11.272727272727273,0.0,Warfare,Weapon,Melee,Twohanded
good_silver_berdiche,89.0,0.0,5.5,16.181818181818183,0.0,Warfare,Weapon,Melee,Twohanded
fine_silver_berdiche,103.0,0.0,5.5,18.727272727272727,0.0,Warfare,Weapon,Melee,Twohanded
superior_silver_berdiche,125.0,0.0,5.5,22.727272727272727,0.0,Warfare,Weapon,Melee,Twohanded
flawless_silver_berdiche,143.0,0.0,5.5,26.0,0.0,Warfare,Weapon,Melee,Twohanded
flimsy_gold_berdiche,42.0,0.0,10.0,4.2,0.0,Warfare,Weapon,Melee,Twohanded
sturdy_gold_berdiche,65.0,0.0,10.0,6.5,0.0,Warfare,Weapon,Melee,Twohanded
good_gold_berdiche,94.0,0.0,10.0,9.4,0.0,Warfare,Weapon,Melee,Twohanded
fine_gold_berdiche,108.0,0.0,10.0,10.8,0.0,Warfare,Weapon,Melee,Twohanded
superior_gold_berdiche,131.0,0.0,10.0,13.1,0.0,Warfare,Weapon,Melee,Twohanded
flawless_gold_berdiche,150.0,0.0,10.0,15.0,0.0,Warfare,Weapon,Melee,Twohanded
flimsy_billhook,68.0,0.0,4.0,17.0,0.0,Warfare,Weapon,Melee,Twohanded
sturdy_billhook,105.0,0.0,4.0,26.25,0.0,Warfare,Weapon,Melee,Twohanded
good_billhook,150.0,0.0,4.0,37.5,0.0,Warfare,Weapon,Melee,Twohanded
fine_billhook,173.0,0.0,4.0,43.25,0.0,Warfare,Weapon,Melee,Twohanded
superior_billhook,210.0,0.0,4.0,52.5,0.0,Warfare,Weapon,Melee,Twohanded
flawless_billhook,240.0,0.0,4.0,60.0,0.0,Warfare,Weapon,Melee,Twohanded
flimsy_warfork,38.0,0.0,3.0,12.666666666666666,0.0,Warfare,Weapon,Melee,Twohanded
sturdy_warfork,60.0,0.0,3.0,20.0,0.0,Warfare,Weapon,Melee,Twohanded
good_warfork,85.0,0.0,3.0,28.333333333333332,0.0,Warfare,Weapon,Melee,Twohanded
fine_warfork,98.0,0.0,3.0,32.666666666666664,0.0,Warfare,Weapon,Melee,Twohanded
superior_warfork,119.0,0.0,3.0,39.666666666666664,0.0,Warfare,Weapon,Melee,Twohanded
flawless_warfork,136.0,0.0,3.0,45.333333333333336,0.0,Warfare,Weapon,Melee,Twohanded
flimsy_iron_hatchet,45.0,0.0,3.0,15.0,0.0,Warfare,Weapon,Melee,Onehanded
sturdy_iron_hatchet,70.0,0.0,3.0,23.333333333333332,0.0,Warfare,Weapon,Melee,Onehanded
good_iron_hatchet,100.0,0.0,3.0,33.333333333333336,0.0,Warfare,Weapon,Melee,Onehanded
fine_iron_hatchet,115.0,0.0,3.0,38.333333333333336,0.0,Warfare,Weapon,Melee,Onehanded
superior_iron_hatchet,140.0,0.0,3.0,46.666666666666664,0.0,Warfare,Weapon,Melee,Onehanded
flawless_iron_hatchet,160.0,0.0,3.0,53.333333333333336,0.0,Warfare,Weapon,Melee,Onehanded
flimsy_steel_hatchet,81.0,0.0,3.0,27.0,0.0,Warfare,Weapon,Melee,Onehanded
sturdy_steel_hatchet,126.0,0.0,3.0,42.0,0.0,Warfare,Weapon,Melee,Onehanded
good_steel_hatchet,180.0,0.0,3.0,60.0,0.0,Warfare,Weapon,Melee,Onehanded
fine_steel_hatchet,207.0,0.0,3.0,69.0,0.0,Warfare,Weapon,Melee,Onehanded
superior_steel_hatchet,252.0,0.0,3.0,84.0,0.0,Warfare,Weapon,Melee,Onehanded
flawless_steel_hatchet,288.0,0.0,3.0,96.0,0.0,Warfare,Weapon,Melee,Onehanded
flimsy_silver_hatchet,47.0,0.0,3.3000000000000003,14.24242424242424,0.0,Warfare,Weapon,Melee,Onehanded
sturdy_silver_hatchet,74.0,0.0,3.3000000000000003,22.424242424242422,0.0,Warfare,Weapon,Melee,Onehanded
good_silver_hatchet,105.0,0.0,3.3000000000000003,31.818181818181817,0.0,Warfare,Weapon,Melee,Onehanded
fine_silver_hatchet,121.0,0.0,3.3000000000000003,36.666666666666664,0.0,Warfare,Weapon,Melee,Onehanded
superior_silver_hatchet,147.0,0.0,3.3000000000000003,44.54545454545454,0.0,Warfare,Weapon,Melee,Onehanded
flawless_silver_hatchet,168.0,0.0,3.3000000000000003,50.90909090909091,0.0,Warfare,Weapon,Melee,Onehanded
flimsy_gold_hatchet,50.0,0.0,6.0,8.333333333333334,0.0,Warfare,Weapon,Melee,Onehanded
sturdy_gold_hatchet,77.0,0.0,6.0,12.833333333333334,0.0,Warfare,Weapon,Melee,Onehanded
good_gold_hatchet,110.0,0.0,6.0,18.333333333333332,0.0,Warfare,Weapon,Melee,Onehanded
fine_gold_hatchet,127.0,0.0,6.0,21.166666666666668,0.0,Warfare,Weapon,Melee,Onehanded
superior_gold_hatchet,154.0,0.0,6.0,25.666666666666668,0.0,Warfare,Weapon,Melee,Onehanded
flawless_gold_hatchet,176.0,0.0,6.0,29.333333333333332,0.0,Warfare,Weapon,Melee,Onehanded
flimsy_iron_greataxe,63.0,0.0,5.0,12.6,0.0,Warfare,Weapon,Melee,Twohanded
sturdy_iron_greataxe,98.0,0.0,5.0,19.6,0.0,Warfare,Weapon,Melee,Twohanded
good_iron_greataxe,140.0,0.0,5.0,28.0,0.0,Warfare,Weapon,Melee,Twohanded
fine_iron_greataxe,161.0,0.0,5.0,32.2,0.0,Warfare,Weapon,Melee,Twohanded
superior_iron_greataxe,196.0,0.0,5.0,39.2,0.0,Warfare,Weapon,Melee,Twohanded
flawless_iron_greataxe,224.0,0.0,5.0,44.8,0.0,Warfare,Weapon,Melee,Twohanded
flimsy_steel_greataxe,113.0,0.0,5.0,22.6,0.0,Warfare,Weapon,Melee,Twohanded
sturdy_steel_greataxe,176.0,0.0,5.0,35.2,0.0,Warfare,Weapon,Melee,Twohanded
good_steel_greataxe,252.0,0.0,5.0,50.4,0.0,Warfare,Weapon,Melee,Twohanded
fine_steel_greataxe,290.0,0.0,5.0,58.0,0.0,Warfare,Weapon,Melee,Twohanded
superior_steel_greataxe,353.0,0.0,5.0,70.6,0.0,Warfare,Weapon,Melee,Twohanded
flawless_steel_greataxe,403.0,0.0,5.0,80.6,0.0,Warfare,Weapon,Melee,Twohanded
flimsy_silver_greataxe,66.0,0.0,5.5,12.0,0.0,Warfare,Weapon,Melee,Twohanded
sturdy_silver_greataxe,103.0,0.0,5.5,18.727272727272727,0.0,Warfare,Weapon,Melee,Twohanded
good_silver_greataxe,147.0,0.0,5.5,26.727272727272727,0.0,Warfare,Weapon,Melee,Twohanded
fine_silver_greataxe,169.0,0.0,5.5,30.727272727272727,0.0,Warfare,Weapon,Melee,Twohanded
superior_silver_greataxe,206.0,0.0,5.5,37.45454545454545,0.0,Warfare,Weapon,Melee,Twohanded
flawless_silver_greataxe,235.0,0.0,5.5,42.72727272727273,0.0,Warfare,Weapon,Melee,Twohanded
flimsy_gold_greataxe,69.0,0.0,10.0,6.9,0.0,Warfare,Weapon,Melee,Twohanded
sturdy_gold_greataxe,108.0,0.0,10.0,10.8,0.0,Warfare,Weapon,Melee,Twohanded
good_gold_greataxe,154.0,0.0,10.0,15.4,0.0,Warfare,Weapon,Melee,Twohanded
fine_gold_greataxe,177.0,0.0,10.0,17.7,0.0,Warfare,Weapon,Melee,Twohanded
superior_gold_greataxe,216.0,0.0,10.0,21.6,0.0,Warfare,Weapon,Melee,Twohanded
flawless_gold_greataxe,246.0,0.0,10.0,24.6,0.0,Warfare,Weapon,Melee,Twohanded
flimsy_warhammer,36.0,0.0,5.0,7.2,0.0,Warfare,Weapon,Melee,Onehanded
sturdy_warhammer,56.0,0.0,5.0,11.2,0.0,Warfare,Weapon,Melee,Onehanded
good_warhammer,80.0,0.0,5.0,16.0,0.0,Warfare,Weapon,Melee,Onehanded
fine_warhammer,92.0,0.0,5.0,18.4,0.0,Warfare,Weapon,Melee,Onehanded
superior_warhammer,112.0,0.0,5.0,22.4,0.0,Warfare,Weapon,Melee,Onehanded
flawless_warhammer,128.0,0.0,5.0,25.6,0.0,Warfare,Weapon,Melee,Onehanded
flimsy_two_handed_warhammer,54.0,0.0,6.0,9.0,0.0,Warfare,Weapon,Melee,Twohanded
sturdy_two_handed_warhammer,84.0,0.0,6.0,14.0,0.0,Warfare,Weapon,Melee,Twohanded
good_two_handed_warhammer,120.0,0.0,6.0,20.0,0.0,Warfare,Weapon,Melee,Twohanded
fine_two_handed_warhammer,138.0,0.0,6.0,23.0,0.0,Warfare,Weapon,Melee,Twohanded
superior_two_handed_warhammer,168.0,0.0,6.0,28.0,0.0,Warfare,Weapon,Melee,Twohanded
flawless_two_handed_warhammer,192.0,0.0,6.0,32.0,0.0,Warfare,Weapon,Melee,Twohanded
flimsy_wooden_flail,32.0,0.0,3.0,10.666666666666666,0.0,Warfare,Weapon,Melee,Onehanded
sturdy_wooden_flail,49.0,0.0,3.0,16.333333333333332,0.0,Warfare,Weapon,Melee,Onehanded
good_wooden_flail,70.0,0.0,3.0,23.333333333333332,0.0,Warfare,Weapon,Melee,Onehanded
fine_wooden_flail,81.0,0.0,3.0,27.0,0.0,Warfare,Weapon,Melee,Onehanded
superior_wooden_flail,98.0,0.0,3.0,32.666666666666664,0.0,Warfare,Weapon,Melee,Onehanded
flawless_wooden_flail,112.0,0.0,3.0,37.333333333333336,0.0,Warfare,Weapon,Melee,Onehanded
flimsy_reinforced_flail,32.0,0.0,3.0,10.666666666666666,0.0,Warfare,Weapon,Melee,Onehanded
sturdy_reinforced_flail,49.0,0.0,3.0,16.333333333333332,0.0,Warfare,Weapon,Melee,Onehanded
good_reinforced_flail,70.0,0.0,3.0,23.333333333333332,0.0,Warfare,Weapon,Melee,Onehanded
fine_reinforced_flail,81.0,0.0,3.0,27.0,0.0,Warfare,Weapon,Melee,Onehanded
superior_reinforced_flail,98.0,0.0,3.0,32.666666666666664,0.0,Warfare,Weapon,Melee,Onehanded
flawless_reinforced_flail,112.0,0.0,3.0,37.333333333333336,0.0,Warfare,Weapon,Melee,Onehanded
flimsy_two_handed_flail,45.0,0.0,5.0,9.0,0.0,Warfare,Weapon,Melee,Twohanded
sturdy_two_handed_flail,70.0,0.0,5.0,14.0,0.0,Warfare,Weapon,Melee,Twohanded
good_two_handed_flail,100.0,0.0,5.0,20.0,0.0,Warfare,Weapon,Melee,Twohanded
fine_two_handed_flail,115.0,0.0,5.0,23.0,0.0,Warfare,Weapon,Melee,Twohanded
superior_two_handed_flail,140.0,0.0,5.0,28.0,0.0,Warfare,Weapon,Melee,Twohanded
flawless_two_handed_flail,160.0,0.0,5.0,32.0,0.0,Warfare,Weapon,Melee,Twohanded
flimsy_short_bow,32.0,0.0,1.0,32.0,0.0,Warfare,Weapon,Ranged,
sturdy_short_bow,49.0,0.0,1.0,49.0,0.0,Warfare,Weapon,Ranged,
good_short_bow,70.0,0.0,1.0,70.0,0.0,Warfare,Weapon,Ranged,
fine_short_bow,81.0,0.0,1.0,81.0,0.0,Warfare,Weapon,Ranged,
superior_short_bow,98.0,0.0,1.0,98.0,0.0,Warfare,Weapon,Ranged,
flawless_short_bow,112.0,0.0,1.0,112.0,0.0,Warfare,Weapon,Ranged,
flimsy_bone_bow,32.0,0.0,1.0,32.0,0.0,Warfare,Weapon,Ranged,
sturdy_bone_bow,49.0,0.0,1.0,49.0,0.0,Warfare,Weapon,Ranged,
good_bone_bow,70.0,0.0,1.0,70.0,0.0,Warfare,Weapon,Ranged,
fine_bone_bow,81.0,0.0,1.0,81.0,0.0,Warfare,Weapon,Ranged,
superior_bone_bow,98.0,0.0,1.0,98.0,0.0,Warfare,Weapon,Ranged,
flawless_bone_bow,112.0,0.0,1.0,112.0,0.0,Warfare,Weapon,Ranged,
flimsy_war_bow,32.0,0.0,1.0,32.0,0.0,Warfare,Weapon,Ranged,
sturdy_war_bow,49.0,0.0,1.0,49.0,0.0,Warfare,Weapon,Ranged,
good_war_bow,70.0,0.0,1.0,70.0,0.0,Warfare,Weapon,Ranged,
fine_war_bow,81.0,0.0,1.0,81.0,0.0,Warfare,Weapon,Ranged,
superior_war_bow,98.0,0.0,1.0,98.0,0.0,Warfare,Weapon,Ranged,
flawless_war_bow,112.0,0.0,1.0,112.0,0.0,Warfare,Weapon,Ranged,
flimsy_long_bow,59.0,0.0,2.0,29.5,0.0,Warfare,Weapon,Ranged,
sturdy_long_bow,91.0,0.0,2.0,45.5,0.0,Warfare,Weapon,Ranged,
good_long_bow,130.0,0.0,2.0,65.0,0.0,Warfare,Weapon,Ranged,
fine_long_bow,150.0,0.0,2.0,75.0,0.0,Warfare,Weapon,Ranged,
superior_long_bow,182.0,0.0,2.0,91.0,0.0,Warfare,Weapon,Ranged,
flawless_long_bow,208.0,0.0,2.0,104.0,0.0,Warfare,Weapon,Ranged,
flimsy_masterwork_bow,59.0,0.0,2.0,29.5,0.0,Warfare,Weapon,Ranged,
sturdy_masterwork_bow,91.0,0.0,2.0,45.5,0.0,Warfare,Weapon,Ranged,
good_masterwork_bow,130.0,0.0,2.0,65.0,0.0,Warfare,Weapon,Ranged,
fine_masterwork_bow,150.0,0.0,2.0,75.0,0.0,Warfare,Weapon,Ranged,
superior_masterwork_bow,182.0,0.0,2.0,91.0,0.0,Warfare,Weapon,Ranged,
flawless_masterwork_bow,208.0,0.0,2.0,104.0,0.0,Warfare,Weapon,Ranged,
flimsy_light_crossbow,45.0,0.0,1.0,45.0,0.0,Warfare,Weapon,Ranged,
sturdy_light_crossbow,70.0,0.0,1.0,70.0,0.0,Warfare,Weapon,Ranged,
good_light_crossbow,100.0,0.0,1.0,100.0,0.0,Warfare,Weapon,Ranged,
fine_light_crossbow,115.0,0.0,1.0,115.0,0.0,Warfare,Weapon,Ranged,
superior_light_crossbow,140.0,0.0,1.0,140.0,0.0,Warfare,Weapon,Ranged,
flawless_light_crossbow,160.0,0.0,1.0,160.0,0.0,Warfare,Weapon,Ranged,
flimsy_crossbow,54.0,0.0,1.0,54.0,0.0,Warfare,Weapon,Ranged,
sturdy_crossbow,84.0,0.0,1.0,84.0,0.0,Warfare,Weapon,Ranged,
good_crossbow,120.0,0.0,1.0,120.0,0.0,Warfare,Weapon,Ranged,
fine_crossbow,138.0,0.0,1.0,138.0,0.0,Warfare,Weapon,Ranged,
superior_crossbow,168.0,0.0,1.0,168.0,0.0,Warfare,Weapon,Ranged,
flawless_crossbow,192.0,0.0,1.0,192.0,0.0,Warfare,Weapon,Ranged,
flimsy_heavy_crossbow,72.0,0.0,1.0,72.0,0.0,Warfare,Weapon,Ranged,
sturdy_heavy_crossbow,112.0,0.0,1.0,112.0,0.0,Warfare,Weapon,Ranged,
good_heavy_crossbow,160.0,0.0,1.0,160.0,0.0,Warfare,Weapon,Ranged,
fine_heavy_crossbow,184.0,0.0,1.0,184.0,0.0,Warfare,Weapon,Ranged,
superior_heavy_crossbow,224.0,0.0,1.0,224.0,0.0,Warfare,Weapon,Ranged,
flawless_heavy_crossbow,256.0,0.0,1.0,256.0,0.0,Warfare,Weapon,Ranged,
flimsy_wood_ram,27.0,0.0,10.0,2.7,0.0,Warfare,Weapon,Melee,Twohanded
sturdy_wood_ram,42.0,0.0,10.0,4.2,0.0,Warfare,Weapon,Melee,Twohanded
good_wood_ram,60.0,0.0,10.0,6.0,0.0,Warfare,Weapon,Melee,Twohanded
fine_wood_ram,69.0,0.0,10.0,6.9,0.0,Warfare,Weapon,Melee,Twohanded
superior_wood_ram,84.0,0.0,10.0,8.4,0.0,Warfare,Weapon,Melee,Twohanded
flawless_wood_ram,96.0,0.0,10.0,9.6,0.0,Warfare,Weapon,Melee,Twohanded
flimsy_metal_ram,45.0,0.0,15.0,3.0,0.0,Warfare,Weapon,Melee,Twohanded
sturdy_metal_ram,70.0,0.0,15.0,4.666666666666667,0.0,Warfare,Weapon,Melee,Twohanded
good_metal_ram,100.0,0.0,15.0,6.666666666666667,0.0,Warfare,Weapon,Melee,Twohanded
fine_metal_ram,115.0,0.0,15.0,7.666666666666667,0.0,Warfare,Weapon,Melee,Twohanded
superior_metal_ram,140.0,0.0,15.0,9.333333333333334,0.0,Warfare,Weapon,Melee,Twohanded
flawless_metal_ram,160.0,0.0,15.0,10.666666666666666,0.0,Warfare,Weapon,Melee,Twohanded
flimsy_leather_armor,90.0,0.0,4.0,22.5,0.0,Warfare,Armor,Body,
sturdy_leather_armor,140.0,0.0,4.0,35.0,0.0,Warfare,Armor,Body,
good_leather_armor,200.0,0.0,4.0,50.0,0.0,Warfare,Armor,Body,
fine_leather_armor,230.0,0.0,4.0,57.5,0.0,Warfare,Armor,Body,
superior_leather_armor,280.0,0.0,4.0,70.0,0.0,Warfare,Armor,Body,
flawless_leather_armor,320.0,0.0,4.0,80.0,0.0,Warfare,Armor,Body,
flimsy_savage_wood_armor,45.0,0.0,4.0,11.25,0.0,Warfare,Armor,Body,
sturdy_savage_wood_armor,70.0,0.0,4.0,17.5,0.0,Warfare,Armor,Body,
good_savage_wood_armor,100.0,0.0,4.0,25.0,0.0,Warfare,Armor,Body,
fine_savage_wood_armor,115.0,0.0,4.0,28.75,0.0,Warfare,Armor,Body,
superior_savage_wood_armor,140.0,0.0,4.0,35.0,0.0,Warfare,Armor,Body,
flawless_savage_wood_armor,160.0,0.0,4.0,40.0,0.0,Warfare,Armor,Body,
flimsy_iron_mail_armor,99.0,0.0,6.0,16.5,0.0,Warfare,Armor,Body,
sturdy_iron_mail_armor,154.0,0.0,6.0,25.666666666666668,0.0,Warfare,Armor,Body,
good_iron_mail_armor,220.0,0.0,6.0,36.666666666666664,0.0,Warfare,Armor,Body,
fine_iron_mail_armor,253.0,0.0,6.0,42.166666666666664,0.0,Warfare,Armor,Body,
superior_iron_mail_armor,308.0,0.0,6.0,51.333333333333336,0.0,Warfare,Armor,Body,
flawless_iron_mail_armor,352.0,0.0,6.0,58.666666666666664,0.0,Warfare,Armor,Body,
flimsy_steel_mail_armor,178.0,0.0,6.0,29.666666666666668,0.0,Warfare,Armor,Body,
sturdy_steel_mail_armor,277.0,0.0,6.0,46.166666666666664,0.0,Warfare,Armor,Body,
good_steel_mail_armor,396.0,0.0,6.0,66.0,0.0,Warfare,Armor,Body,
fine_steel_mail_armor,455.0,0.0,6.0,75.83333333333333,0.0,Warfare,Armor,Body,
superior_steel_mail_armor,554.0,0.0,6.0,92.33333333333333,0.0,Warfare,Armor,Body,
flawless_steel_mail_armor,634.0,0.0,6.0,105.66666666666667,0.0,Warfare,Armor,Body,
flimsy_gold_mail_armor,109.0,0.0,12.0,9.083333333333334,0.0,Warfare,Armor,Body,
sturdy_gold_mail_armor,169.0,0.0,12.0,14.083333333333334,0.0,Warfare,Armor,Body,
good_gold_mail_armor,242.0,0.0,12.0,20.166666666666668,0.0,Warfare,Armor,Body,
fine_gold_mail_armor,278.0,0.0,12.0,23.166666666666668,0.0,Warfare,Armor,Body,
superior_gold_mail_armor,339.0,0.0,12.0,28.25,0.0,Warfare,Armor,Body,
flawless_gold_mail_armor,387.0,0.0,12.0,32.25,0.0,Warfare,Armor,Body,
flimsy_silver_mail_armor,104.0,0.0,6.6000000000000005,15.757575757575756,0.0,Warfare,Armor,Body,
sturdy_silver_mail_armor,162.0,0.0,6.6000000000000005,24.545454545454543,0.0,Warfare,Armor,Body,
good_silver_mail_armor,231.0,0.0,6.6000000000000005,35.0,0.0,Warfare,Armor,Body,
fine_silver_mail_armor,266.0,0.0,6.6000000000000005,40.3030303030303,0.0,Warfare,Armor,Body,
superior_silver_mail_armor,323.0,0.0,6.6000000000000005,48.93939393939394,0.0,Warfare,Armor,Body,
flawless_silver_mail_armor,370.0,0.0,6.6000000000000005,56.060606060606055,0.0,Warfare,Armor,Body,
flimsy_iron_plate_armor,113.0,0.0,10.0,11.3,0.0,Warfare,Armor,Body,
sturdy_iron_plate_armor,175.0,0.0,10.0,17.5,0.0,Warfare,Armor,Body,
good_iron_plate_armor,250.0,0.0,10.0,25.0,0.0,Warfare,Armor,Body,
fine_iron_plate_armor,288.0,0.0,10.0,28.8,0.0,Warfare,Armor,Body,
superior_iron_plate_armor,350.0,0.0,10.0,35.0,0.0,Warfare,Armor,Body,
flawless_iron_plate_armor,400.0,0.0,10.0,40.0,0.0,Warfare,Armor,Body,
flimsy_steel_plate_armor,203.0,0.0,10.0,20.3,0.0,Warfare,Armor,Body,
sturdy_steel_plate_armor,315.0,0.0,10.0,31.5,0.0,Warfare,Armor,Body,
good_steel_plate_armor,450.0,0.0,10.0,45.0,0.0,Warfare,Armor,Body,
fine_steel_plate_armor,518.0,0.0,10.0,51.8,0.0,Warfare,Armor,Body,
superior_steel_plate_armor,630.0,0.0,10.0,63.0,0.0,Warfare,Armor,Body,
flawless_steel_plate_armor,720.0,0.0,10.0,72.0,0.0,Warfare,Armor,Body,
flimsy_gold_plate_armor,124.0,0.0,20.0,6.2,0.0,Warfare,Armor,Body,
sturdy_gold_plate_armor,193.0,0.0,20.0,9.65,0.0,Warfare,Armor,Body,
good_gold_plate_armor,275.0,0.0,20.0,13.75,0.0,Warfare,Armor,Body,
fine_gold_plate_armor,316.0,0.0,20.0,15.8,0.0,Warfare,Armor,Body,
superior_gold_plate_armor,385.0,0.0,20.0,19.25,0.0,Warfare,Armor,Body,
flawless_gold_plate_armor,440.0,0.0,20.0,22.0,0.0,Warfare,Armor,Body,
flimsy_silver_plate_armor,118.0,0.0,11.0,10.727272727272727,0.0,Warfare,Armor,Body,
sturdy_silver_plate_armor,184.0,0.0,11.0,16.727272727272727,0.0,Warfare,Armor,Body,
good_silver_plate_armor,263.0,0.0,11.0,23.90909090909091,0.0,Warfare,Armor,Body,
fine_silver_plate_armor,302.0,0.0,11.0,27.454545454545453,0.0,Warfare,Armor,Body,
superior_silver_plate_armor,368.0,0.0,11.0,33.45454545454545,0.0,Warfare,Armor,Body,
flawless_silver_plate_armor,420.0,0.0,11.0,38.18181818181818,0.0,Warfare,Armor,Body,
flimsy_savage_plate_armor,86.0,0.0,10.0,8.6,0.0,Warfare,Armor,Body,
sturdy_savage_plate_armor,133.0,0.0,10.0,13.3,0.0,Warfare,Armor,Body,
good_savage_plate_armor,190.0,0.0,10.0,19.0,0.0,Warfare,Armor,Body,
fine_savage_plate_armor,219.0,0.0,10.0,21.9,0.0,Warfare,Armor,Body,
superior_savage_plate_armor,266.0,0.0,10.0,26.6,0.0,Warfare,Armor,Body,
flawless_savage_plate_armor,304.0,0.0,10.0,30.4,0.0,Warfare,Armor,Body,
flimsy_iron_plate_helmet,81.0,0.0,2.0,40.5,0.0,Warfare,Armor,Head,
sturdy_iron_plate_helmet,126.0,0.0,2.0,63.0,0.0,Warfare,Armor,Head,
good_iron_plate_helmet,180.0,0.0,2.0,90.0,0.0,Warfare,Armor,Head,
fine_iron_plate_helmet,207.0,0.0,2.0,103.5,0.0,Warfare,Armor,Head,
superior_iron_plate_helmet,252.0,0.0,2.0,126.0,0.0,Warfare,Armor,Head,
flawless_iron_plate_helmet,288.0,0.0,2.0,144.0,0.0,Warfare,Armor,Head,
flimsy_steel_plate_helmet,146.0,0.0,2.0,73.0,0.0,Warfare,Armor,Head,
sturdy_steel_plate_helmet,227.0,0.0,2.0,113.5,0.0,Warfare,Armor,Head,
good_steel_plate_helmet,324.0,0.0,2.0,162.0,0.0,Warfare,Armor,Head,
fine_steel_plate_helmet,373.0,0.0,2.0,186.5,0.0,Warfare,Armor,Head,
superior_steel_plate_helmet,454.0,0.0,2.0,227.0,0.0,Warfare,Armor,Head,
flawless_steel_plate_helmet,518.0,0.0,2.0,259.0,0.0,Warfare,Armor,Head,
flimsy_gold_plate_helmet,89.0,0.0,4.0,22.25,0.0,Warfare,Armor,Head,
sturdy_gold_plate_helmet,139.0,0.0,4.0,34.75,0.0,Warfare,Armor,Head,
good_gold_plate_helmet,198.0,0.0,4.0,49.5,0.0,Warfare,Armor,Head,
fine_gold_plate_helmet,228.0,0.0,4.0,57.0,0.0,Warfare,Armor,Head,
superior_gold_plate_helmet,277.0,0.0,4.0,69.25,0.0,Warfare,Armor,Head,
flawless_gold_plate_helmet,317.0,0.0,4.0,79.25,0.0,Warfare,Armor,Head,
flimsy_silver_plate_helmet,85.0,0.0,2.2,38.63636363636363,0.0,Warfare,Armor,Head,
sturdy_silver_plate_helmet,132.0,0.0,2.2,59.99999999999999,0.0,Warfare,Armor,Head,
good_silver_plate_helmet,189.0,0.0,2.2,85.9090909090909,0.0,Warfare,Armor,Head,
fine_silver_plate_helmet,217.0,0.0,2.2,98.63636363636363,0.0,Warfare,Armor,Head,
superior_silver_plate_helmet,265.0,0.0,2.2,120.45454545454544,0.0,Warfare,Armor,Head,
flawless_silver_plate_helmet,302.0,0.0,2.2,137.27272727272725,0.0,Warfare,Armor,Head,
flimsy_pigface_helmet,81.0,0.0,2.0,40.5,0.0,Warfare,Armor,Head,
sturdy_pigface_helmet,126.0,0.0,2.0,63.0,0.0,Warfare,Armor,Head,
good_pigface_helmet,180.0,0.0,2.0,90.0,0.0,Warfare,Armor,Head,
fine_pigface_helmet,207.0,0.0,2.0,103.5,0.0,Warfare,Armor,Head,
superior_pigface_helmet,252.0,0.0,2.0,126.0,0.0,Warfare,Armor,Head,
flawless_pigface_helmet,288.0,0.0,2.0,144.0,0.0,Warfare,Armor,Head,
flimsy_leather_helmet,54.0,0.0,1.0,54.0,0.0,Warfare,Armor,Head,
sturdy_leather_helmet,84.0,0.0,1.0,84.0,0.0,Warfare,Armor,Head,
good_leather_helmet,120.0,0.0,1.0,120.0,0.0,Warfare,Armor,Head,
fine_leather_helmet,138.0,0.0,1.0,138.0,0.0,Warfare,Armor,Head,
superior_leather_helmet,168.0,0.0,1.0,168.0,0.0,Warfare,Armor,Head,
flawless_leather_helmet,192.0,0.0,1.0,192.0,0.0,Warfare,Armor,Head,
flimsy_iron_mail_helmet,63.0,0.0,1.0,63.0,0.0,Warfare,Armor,Head,
sturdy_iron_mail_helmet,98.0,0.0,1.0,98.0,0.0,Warfare,Armor,Head,
good_iron_mail_helmet,140.0,0.0,1.0,140.0,0.0,Warfare,Armor,Head,
fine_iron_mail_helmet,161.0,0.0,1.0,161.0,0.0,Warfare,Armor,Head,
superior_iron_mail_helmet,196.0,0.0,1.0,196.0,0.0,Warfare,Armor,Head,
flawless_iron_mail_helmet,224.0,0.0,1.0,224.0,0.0,Warfare,Armor,Head,
flimsy_steel_mail_helmet,113.0,0.0,1.0,113.0,0.0,Warfare,Armor,Head,
sturdy_steel_mail_helmet,176.0,0.0,1.0,176.0,0.0,Warfare,Armor,Head,
good_steel_mail_helmet,252.0,0.0,1.0,252.0,0.0,Warfare,Armor,Head,
fine_steel_mail_helmet,290.0,0.0,1.0,290.0,0.0,Warfare,Armor,Head,
superior_steel_mail_helmet,353.0,0.0,1.0,353.0,0.0,Warfare,Armor,Head,
flawless_steel_mail_helmet,403.0,0.0,1.0,403.0,0.0,Warfare,Armor,Head,
flimsy_gold_mail_helmet,69.0,0.0,2.0,34.5,0.0,Warfare,Armor,Head,
sturdy_gold_mail_helmet,108.0,0.0,2.0,54.0,0.0,Warfare,Armor,Head,
good_gold_mail_helmet,154.0,0.0,2.0,77.0,0.0,Warfare,Armor,Head,
fine_gold_mail_helmet,177.0,0.0,2.0,88.5,0.0,Warfare,Armor,Head,
superior_gold_mail_helmet,216.0,0.0,2.0,108.0,0.0,Warfare,Armor,Head,
flawless_gold_mail_helmet,246.0,0.0,2.0,123.0,0.0,Warfare,Armor,Head,
flimsy_silver_mail_helmet,66.0,0.0,1.1,59.99999999999999,0.0,Warfare,Armor,Head,
sturdy_silver_mail_helmet,103.0,0.0,1.1,93.63636363636363,0.0,Warfare,Armor,Head,
good_silver_mail_helmet,147.0,0.0,1.1,133.63636363636363,0.0,Warfare,Armor,Head,
fine_silver_mail_helmet,169.0,0.0,1.1,153.63636363636363,0.0,Warfare,Armor,Head,
superior_silver_mail_helmet,206.0,0.0,1.1,187.27272727272725,0.0,Warfare,Armor,Head,
flawless_silver_mail_helmet,235.0,0.0,1.1,213.63636363636363,0.0,Warfare,Armor,Head,
flimsy_savage_wood_helmet,32.0,0.0,1.0,32.0,0.0,Warfare,Armor,Head,
sturdy_savage_wood_helmet,49.0,0.0,1.0,49.0,0.0,Warfare,Armor,Head,
good_savage_wood_helmet,70.0,0.0,1.0,70.0,0.0,Warfare,Armor,Head,
fine_savage_wood_helmet,81.0,0.0,1.0,81.0,0.0,Warfare,Armor,Head,
superior_savage_wood_helmet,98.0,0.0,1.0,98.0,0.0,Warfare,Armor,Head,
flawless_savage_wood_helmet,112.0,0.0,1.0,112.0,0.0,Warfare,Armor,Head,
flimsy_savage_wood_helmet_heavy,32.0,0.0,1.0,32.0,0.0,Warfare,Armor,Head,
sturdy_savage_wood_helmet_heavy,49.0,0.0,1.0,49.0,0.0,Warfare,Armor,Head,
good_savage_wood_helmet_heavy,70.0,0.0,1.0,70.0,0.0,Warfare,Armor,Head,
fine_savage_wood_helmet_heavy,81.0,0.0,1.0,81.0,0.0,Warfare,Armor,Head,
superior_savage_wood_helmet_heavy,98.0,0.0,1.0,98.0,0.0,Warfare,Armor,Head,
flawless_savage_wood_helmet_heavy,112.0,0.0,1.0,112.0,0.0,Warfare,Armor,Head,
flimsy_savage_plate_helmet,72.0,0.0,1.0,72.0,0.0,Warfare,Armor,Head,
sturdy_savage_plate_helmet,112.0,0.0,1.0,112.0,0.0,Warfare,Armor,Head,
good_savage_plate_helmet,160.0,0.0,1.0,160.0,0.0,Warfare,Armor,Head,
fine_savage_plate_helmet,184.0,0.0,1.0,184.0,0.0,Warfare,Armor,Head,
superior_savage_plate_helmet,224.0,0.0,1.0,224.0,0.0,Warfare,Armor,Head,
flawless_savage_plate_helmet,256.0,0.0,1.0,256.0,0.0,Warfare,Armor,Head,
flimsy_linnen_gambeson,81.0,0.0,4.0,20.25,0.0,Warfare,Armor,Body,
sturdy_linnen_gambeson,126.0,0.0,4.0,31.5,0.0,Warfare,Armor,Body,
good_linnen_gambeson,180.0,0.0,4.0,45.0,0.0,Warfare,Armor,Body,
fine_linnen_gambeson,207.0,0.0,4.0,51.75,0.0,Warfare,Armor,Body,
superior_linnen_gambeson,252.0,0.0,4.0,63.0,0.0,Warfare,Armor,Body,
flawless_linnen_gambeson,288.0,0.0,4.0,72.0,0.0,Warfare,Armor,Body,
flimsy_wool_gambeson,81.0,0.0,4.0,20.25,0.0,Warfare,Armor,Body,
sturdy_wool_gambeson,126.0,0.0,4.0,31.5,0.0,Warfare,Armor,Body,
good_wool_gambeson,180.0,0.0,4.0,45.0,0.0,Warfare,Armor,Body,
fine_wool_gambeson,207.0,0.0,4.0,51.75,0.0,Warfare,Armor,Body,
superior_wool_gambeson,252.0,0.0,4.0,63.0,0.0,Warfare,Armor,Body,
flawless_wool_gambeson,288.0,0.0,4.0,72.0,0.0,Warfare,Armor,Body,
flimsy_bone_armor,36.0,0.0,5.0,7.2,0.0,Warfare,Armor,Body,
sturdy_bone_armor,56.0,0.0,5.0,11.2,0.0,Warfare,Armor,Body,
good_bone_armor,80.0,0.0,5.0,16.0,0.0,Warfare,Armor,Body,
fine_bone_armor,92.0,0.0,5.0,18.4,0.0,Warfare,Armor,Body,
superior_bone_armor,112.0,0.0,5.0,22.4,0.0,Warfare,Armor,Body,
flawless_bone_armor,128.0,0.0,5.0,25.6,0.0,Warfare,Armor,Body,
flimsy_bone_helmet,29.0,0.0,1.0,29.0,0.0,Warfare,Armor,Head,
sturdy_bone_helmet,46.0,0.0,1.0,46.0,0.0,Warfare,Armor,Head,
good_bone_helmet,65.0,0.0,1.0,65.0,0.0,Warfare,Armor,Head,
fine_bone_helmet,75.0,0.0,1.0,75.0,0.0,Warfare,Armor,Head,
superior_bone_helmet,91.0,0.0,1.0,91.0,0.0,Warfare,Armor,Head,
flawless_bone_helmet,104.0,0.0,1.0,104.0,0.0,Warfare,Armor,Head,
flimsy_heretic_helmet,32.0,0.0,1.0,32.0,0.0,Warfare,Armor,Head,
sturdy_heretic_helmet,49.0,0.0,1.0,49.0,0.0,Warfare,Armor,Head,
good_heretic_helmet,70.0,0.0,1.0,70.0,0.0,Warfare,Armor,Head,
fine_heretic_helmet,81.0,0.0,1.0,81.0,0.0,Warfare,Armor,Head,
superior_heretic_helmet,98.0,0.0,1.0,98.0,0.0,Warfare,Armor,Head,
flawless_heretic_helmet,112.0,0.0,1.0,112.0,0.0,Warfare,Armor,Head,
flimsy_iron_kettle_helm,38.0,0.0,1.0,38.0,0.0,Warfare,Armor,Head,
sturdy_iron_kettle_helm,60.0,0.0,1.0,60.0,0.0,Warfare,Armor,Head,
good_iron_kettle_helm,85.0,0.0,1.0,85.0,0.0,Warfare,Armor,Head,
fine_iron_kettle_helm,98.0,0.0,1.0,98.0,0.0,Warfare,Armor,Head,
superior_iron_kettle_helm,119.0,0.0,1.0,119.0,0.0,Warfare,Armor,Head,
flawless_iron_kettle_helm,136.0,0.0,1.0,136.0,0.0,Warfare,Armor,Head,
flimsy_linen_winter_clothes,45.0,0.0,5.0,9.0,0.0,Apparel,Clothing,,
sturdy_linen_winter_clothes,70.0,0.0,5.0,14.0,0.0,Apparel,Clothing,,
good_linen_winter_clothes,100.0,0.0,5.0,20.0,0.0,Apparel,Clothing,,
fine_linen_winter_clothes,115.0,0.0,5.0,23.0,0.0,Apparel,Clothing,,
superior_linen_winter_clothes,140.0,0.0,5.0,28.0,0.0,Apparel,Clothing,,
flawless_linen_winter_clothes,160.0,0.0,5.0,32.0,0.0,Apparel,Clothing,,
flimsy_leather_winter_clothes,45.0,0.0,5.0,9.0,0.0,Apparel,Clothing,,
sturdy_leather_winter_clothes,70.0,0.0,5.0,14.0,0.0,Apparel,Clothing,,
good_leather_winter_clothes,100.0,0.0,5.0,20.0,0.0,Apparel,Clothing,,
fine_leather_winter_clothes,115.0,0.0,5.0,23.0,0.0,Apparel,Clothing,,
superior_leather_winter_clothes,140.0,0.0,5.0,28.0,0.0,Apparel,Clothing,,
flawless_leather_winter_clothes,160.0,0.0,5.0,32.0,0.0,Apparel,Clothing,,
flimsy_wool_winter_clothes,45.0,0.0,5.0,9.0,0.0,Apparel,Clothing,,
sturdy_wool_winter_clothes,70.0,0.0,5.0,14.0,0.0,Apparel,Clothing,,
good_wool_winter_clothes,100.0,0.0,5.0,20.0,0.0,Apparel,Clothing,,
fine_wool_winter_clothes,115.0,0.0,5.0,23.0,0.0,Apparel,Clothing,,
superior_wool_winter_clothes,140.0,0.0,5.0,28.0,0.0,Apparel,Clothing,,
flawless_wool_winter_clothes,160.0,0.0,5.0,32.0,0.0,Apparel,Clothing,,
flimsy_linen_cap,16.0,0.0,0.4,40.0,0.0,Apparel,Headware,,
sturdy_linen_cap,25.0,0.0,0.4,62.5,0.0,Apparel,Headware,,
good_linen_cap,35.0,0.0,0.4,87.5,0.0,Apparel,Headware,,
fine_linen_cap,40.0,0.0,0.4,100.0,0.0,Apparel,Headware,,
superior_linen_cap,49.0,0.0,0.4,122.5,0.0,Apparel,Headware,,
flawless_linen_cap,56.0,0.0,0.4,140.0,0.0,Apparel,Headware,,
flimsy_leather_cap,16.0,0.0,0.4,40.0,0.0,Apparel,Headware,,
sturdy_leather_cap,25.0,0.0,0.4,62.5,0.0,Apparel,Headware,,
good_leather_cap,35.0,0.0,0.4,87.5,0.0,Apparel,Headware,,
fine_leather_cap,40.0,0.0,0.4,100.0,0.0,Apparel,Headware,,
superior_leather_cap,49.0,0.0,0.4,122.5,0.0,Apparel,Headware,,
flawless_leather_cap,56.0,0.0,0.4,140.0,0.0,Apparel,Headware,,
flimsy_wool_cap,16.0,0.0,0.4,40.0,0.0,Apparel,Headware,,
sturdy_wool_cap,25.0,0.0,0.4,62.5,0.0,Apparel,Headware,,
good_wool_cap,35.0,0.0,0.4,87.5,0.0,Apparel,Headware,,
fine_wool_cap,40.0,0.0,0.4,100.0,0.0,Apparel,Headware,,
superior_wool_cap,49.0,0.0,0.4,122.5,0.0,Apparel,Headware,,
flawless_wool_cap,56.0,0.0,0.4,140.0,0.0,Apparel,Headware,,
flimsy_wide_straw_hat,5.0,0.0,0.3,16.666666666666668,0.0,Apparel,Headware,,
sturdy_wide_straw_hat,8.0,0.0,0.3,26.666666666666668,0.0,Apparel,Headware,,
good_wide_straw_hat,12.0,0.0,0.3,40.0,0.0,Apparel,Headware,,
fine_wide_straw_hat,14.0,0.0,0.3,46.66666666666667,0.0,Apparel,Headware,,
superior_wide_straw_hat,17.0,0.0,0.3,56.66666666666667,0.0,Apparel,Headware,,
flawless_wide_straw_hat,19.0,0.0,0.3,63.333333333333336,0.0,Apparel,Headware,,
flimsy_slave_chains,63.0,0.0,7.0,9.0,0.0,Apparel,Clothing,,
sturdy_slave_chains,98.0,0.0,7.0,14.0,0.0,Apparel,Clothing,,
good_slave_chains,140.0,0.0,7.0,20.0,0.0,Apparel,Clothing,,
fine_slave_chains,161.0,0.0,7.0,23.0,0.0,Apparel,Clothing,,
superior_slave_chains,196.0,0.0,7.0,28.0,0.0,Apparel,Clothing,,
flawless_slave_chains,224.0,0.0,7.0,32.0,0.0,Apparel,Clothing,,
flimsy_linen_summer_clothes,90.0,0.0,5.0,18.0,0.0,Apparel,Clothing,,
sturdy_linen_summer_clothes,63.0,0.0,5.0,12.6,0.0,Apparel,Clothing,,
good_linen_summer_clothes,90.0,0.0,5.0,18.0,0.0,Apparel,Clothing,,
fine_linen_summer_clothes,104.0,0.0,5.0,20.8,0.0,Apparel,Clothing,,
superior_linen_summer_clothes,126.0,0.0,5.0,25.2,0.0,Apparel,Clothing,,
flawless_linen_summer_clothes,144.0,0.0,5.0,28.8,0.0,Apparel,Clothing,,
flimsy_wool_summer_clothes,41.0,0.0,5.0,8.2,0.0,Apparel,Clothing,,
sturdy_wool_summer_clothes,63.0,0.0,5.0,12.6,0.0,Apparel,Clothing,,
good_wool_summer_clothes,90.0,0.0,5.0,18.0,0.0,Apparel,Clothing,,
fine_wool_summer_clothes,104.0,0.0,5.0,20.8,0.0,Apparel,Clothing,,
superior_wool_summer_clothes,126.0,0.0,5.0,25.2,0.0,Apparel,Clothing,,
flawless_wool_summer_clothes,144.0,0.0,5.0,28.8,0.0,Apparel,Clothing,,
flimsy_leather_summer_clothes,41.0,0.0,5.0,8.2,0.0,Apparel,Clothing,,
sturdy_leather_summer_clothes,63.0,0.0,5.0,12.6,0.0,Apparel,Clothing,,
good_leather_summer_clothes,90.0,0.0,5.0,18.0,0.0,Apparel,Clothing,,
fine_leather_summer_clothes,104.0,0.0,5.0,20.8,0.0,Apparel,Clothing,,
superior_leather_summer_clothes,126.0,0.0,5.0,25.2,0.0,Apparel,Clothing,,
flawless_leather_summer_clothes,144.0,0.0,5.0,28.8,0.0,Apparel,Clothing,,
flimsy_bone_crown,5.0,0.0,0.3,16.666666666666668,0.0,Apparel,Headware,,
sturdy_bone_crown,8.0,0.0,0.3,26.666666666666668,0.0,Apparel,Headware,,
good_bone_crown,12.0,0.0,0.3,40.0,0.0,Apparel,Headware,,
fine_bone_crown,14.0,0.0,0.3,46.66666666666667,0.0,Apparel,Headware,,
superior_bone_crown,17.0,0.0,0.3,56.66666666666667,0.0,Apparel,Headware,,
flawless_bone_crown,19.0,0.0,0.3,63.333333333333336,0.0,Apparel,Headware,,
flimsy_wood_crown,5.0,0.0,0.3,16.666666666666668,0.0,Apparel,Headware,,
sturdy_wood_crown,8.0,0.0,0.3,26.666666666666668,0.0,Apparel,Headware,,
good_wood_crown,12.0,0.0,0.3,40.0,0.0,Apparel,Headware,,
fine_wood_crown,14.0,0.0,0.3,46.66666666666667,0.0,Apparel,Headware,,
superior_wood_crown,17.0,0.0,0.3,56.66666666666667,0.0,Apparel,Headware,,
flawless_wood_crown,19.0,0.0,0.3,63.333333333333336,0.0,Apparel,Headware,,
flimsy_heretic_crown,5.0,0.0,0.3,16.666666666666668,0.0,Apparel,Headware,,
sturdy_heretic_crown,8.0,0.0,0.3,26.666666666666668,0.0,Apparel,Headware,,
good_heretic_crown,12.0,0.0,0.3,40.0,0.0,Apparel,Headware,,
fine_heretic_crown,14.0,0.0,0.3,46.66666666666667,0.0,Apparel,Headware,,
superior_heretic_crown,17.0,0.0,0.3,56.66666666666667,0.0,Apparel,Headware,,
flawless_heretic_crown,19.0,0.0,0.3,63.333333333333336,0.0,Apparel,Headware,,
flimsy_burlap_hood,5.0,0.0,0.3,16.666666666666668,0.0,Apparel,Headware,,
sturdy_burlap_hood,8.0,0.0,0.3,26.666666666666668,0.0,Apparel,Headware,,
good_burlap_hood,12.0,0.0,0.3,40.0,0.0,Apparel,Headware,,
fine_burlap_hood,14.0,0.0,0.3,46.66666666666667,0.0,Apparel,Headware,,
superior_burlap_hood,17.0,0.0,0.3,56.66666666666667,0.0,Apparel,Headware,,
flawless_burlap_hood,19.0,0.0,0.3,63.333333333333336,0.0,Apparel,Headware,,
flimsy_headband,5.0,0.0,0.3,16.666666666666668,0.0,Apparel,Headware,,
sturdy_headband,8.0,0.0,0.3,26.666666666666668,0.0,Apparel,Headware,,
good_headband,12.0,0.0,0.3,40.0,0.0,Apparel,Headware,,
fine_headband,14.0,0.0,0.3,46.66666666666667,0.0,Apparel,Headware,,
superior_headband,17.0,0.0,0.3,56.66666666666667,0.0,Apparel,Headware,,
flawless_headband,19.0,0.0,0.3,63.333333333333336,0.0,Apparel,Headware,,
flimsy_mouthpiece,5.0,0.0,0.3,16.666666666666668,0.0,Apparel,Headware,,
sturdy_mouthpiece,8.0,0.0,0.3,26.666666666666668,0.0,Apparel,Headware,,
good_mouthpiece,12.0,0.0,0.3,40.0,0.0,Apparel,Headware,,
fine_mouthpiece,14.0,0.0,0.3,46.66666666666667,0.0,Apparel,Headware,,
superior_mouthpiece,17.0,0.0,0.3,56.66666666666667,0.0,Apparel,Headware,,
flawless_mouthpiece,19.0,0.0,0.3,63.333333333333336,0.0,Apparel,Headware,,
flimsy_head_scarf,5.0,0.0,0.3,16.666666666666668,0.0,Apparel,Headware,,
sturdy_head_scarf,8.0,0.0,0.3,26.666666666666668,0.0,Apparel,Headware,,
good_head_scarf,12.0,0.0,0.3,40.0,0.0,Apparel,Headware,,
fine_head_scarf,14.0,0.0,0.3,46.66666666666667,0.0,Apparel,Headware,,
superior_head_scarf,17.0,0.0,0.3,56.66666666666667,0.0,Apparel,Headware,,
flawless_head_scarf,19.0,0.0,0.3,63.333333333333336,0.0,Apparel,Headware,,
flimsy_cloth_hood,5.0,0.0,0.3,16.666666666666668,0.0,Apparel,Headware,,
sturdy_cloth_hood,8.0,0.0,0.3,26.666666666666668,0.0,Apparel,Headware,,
good_cloth_hood,12.0,0.0,0.3,40.0,0.0,Apparel,Headware,,
fine_cloth_hood,14.0,0.0,0.3,46.66666666666667,0.0,Apparel,Headware,,
superior_cloth_hood,17.0,0.0,0.3,56.66666666666667,0.0,Apparel,Headware,,
flawless_cloth_hood,19.0,0.0,0.3,63.333333333333336,0.0,Apparel,Headware,,
flimsy_wolf_headpiece,5.0,0.0,0.3,16.666666666666668,0.0,Apparel,Headware,,
sturdy_wolf_headpiece,8.0,0.0,0.3,26.666666666666668,0.0,Apparel,Headware,,
good_wolf_headpiece,12.0,0.0,0.3,40.0,0.0,Apparel,Headware,,
fine_wolf_headpiece,14.0,0.0,0.3,46.66666666666667,0.0,Apparel,Headware,,
superior_wolf_headpiece,17.0,0.0,0.3,56.66666666666667,0.0,Apparel,Headware,,
flawless_wolf_headpiece,19.0,0.0,0.3,63.333333333333336,0.0,Apparel,Headware,,
flimsy_boar_headpiece,5.0,0.0,0.3,16.666666666666668,0.0,Apparel,Headware,,
sturdy_boar_headpiece,8.0,0.0,0.3,26.666666666666668,0.0,Apparel,Headware,,
good_boar_headpiece,12.0,0.0,0.3,40.0,0.0,Apparel,Headware,,
fine_boar_headpiece,14.0,0.0,0.3,46.66666666666667,0.0,Apparel,Headware,,
superior_boar_headpiece,17.0,0.0,0.3,56.66666666666667,0.0,Apparel,Headware,,
flawless_boar_headpiece,19.0,0.0,0.3,63.333333333333336,0.0,Apparel,Headware,,
flimsy_stag_headpiece,5.0,0.0,0.3,16.666666666666668,0.0,Apparel,Headware,,
sturdy_stag_headpiece,8.0,0.0,0.3,26.666666666666668,0.0,Apparel,Headware,,
good_stag_headpiece,12.0,0.0,0.3,40.0,0.0,Apparel,Headware,,
fine_stag_headpiece,14.0,0.0,0.3,46.66666666666667,0.0,Apparel,Headware,,
superior_stag_headpiece,17.0,0.0,0.3,56.66666666666667,0.0,Apparel,Headware,,
flawless_stag_headpiece,19.0,0.0,0.3,63.333333333333336,0.0,Apparel,Headware,,
flimsy_hare_headpiece,5.0,0.0,0.3,16.666666666666668,0.0,Apparel,Headware,,
sturdy_hare_headpiece,8.0,0.0,0.3,26.666666666666668,0.0,Apparel,Headware,,
good_hare_headpiece,12.0,0.0,0.3,40.0,0.0,Apparel,Headware,,
fine_hare_headpiece,14.0,0.0,0.3,46.66666666666667,0.0,Apparel,Headware,,
superior_hare_headpiece,17.0,0.0,0.3,56.66666666666667,0.0,Apparel,Headware,,
flawless_hare_headpiece,19.0,0.0,0.3,63.333333333333336,0.0,Apparel,Headware,,
flimsy_chaperon,5.0,0.0,0.3,16.666666666666668,0.0,Apparel,Headware,,
sturdy_chaperon,8.0,0.0,0.3,26.666666666666668,0.0,Apparel,Headware,,
good_chaperon,12.0,0.0,0.3,40.0,0.0,Apparel,Headware,,
fine_chaperon,14.0,0.0,0.3,46.66666666666667,0.0,Apparel,Headware,,
superior_chaperon,17.0,0.0,0.3,56.66666666666667,0.0,Apparel,Headware,,
flawless_chaperon,19.0,0.0,0.3,63.333333333333336,0.0,Apparel,Headware,,
flimsy_wooden_buckler,27.0,0.0,1.2,22.5,0.0,Warfare,Shield,,
sturdy_wooden_buckler,42.0,0.0,1.2,35.0,0.0,Warfare,Shield,,
good_wooden_buckler,60.0,0.0,1.2,50.0,0.0,Warfare,Shield,,
fine_wooden_buckler,69.0,0.0,1.2,57.5,0.0,Warfare,Shield,,
superior_wooden_buckler,84.0,0.0,1.2,70.0,0.0,Warfare,Shield,,
flawless_wooden_buckler,96.0,0.0,1.2,80.0,0.0,Warfare,Shield,,
flimsy_metal_buckler,36.0,0.0,1.7,21.176470588235293,0.0,Warfare,Shield,,
sturdy_metal_buckler,56.0,0.0,1.7,32.94117647058824,0.0,Warfare,Shield,,
good_metal_buckler,80.0,0.0,1.7,47.05882352941177,0.0,Warfare,Shield,,
fine_metal_buckler,92.0,0.0,1.7,54.11764705882353,0.0,Warfare,Shield,,
superior_metal_buckler,112.0,0.0,1.7,65.88235294117648,0.0,Warfare,Shield,,
flawless_metal_buckler,128.0,0.0,1.7,75.29411764705883,0.0,Warfare,Shield,,
flimsy_steel_metal_buckler,65.0,0.0,1.7,38.23529411764706,0.0,Warfare,Shield,,
sturdy_steel_metal_buckler,101.0,0.0,1.7,59.411764705882355,0.0,Warfare,Shield,,
good_steel_metal_buckler,144.0,0.0,1.7,84.70588235294117,0.0,Warfare,Shield,,
fine_steel_metal_buckler,166.0,0.0,1.7,97.64705882352942,0.0,Warfare,Shield,,
superior_steel_metal_buckler,202.0,0.0,1.7,118.82352941176471,0.0,Warfare,Shield,,
flawless_steel_metal_buckler,230.0,0.0,1.7,135.29411764705884,0.0,Warfare,Shield,,
flimsy_silver_metal_buckler,38.0,0.0,1.87,20.32085561497326,0.0,Warfare,Shield,,
sturdy_silver_metal_buckler,59.0,0.0,1.87,31.55080213903743,0.0,Warfare,Shield,,
good_silver_metal_buckler,84.0,0.0,1.87,44.91978609625668,0.0,Warfare,Shield,,
fine_silver_metal_buckler,97.0,0.0,1.87,51.87165775401069,0.0,Warfare,Shield,,
superior_silver_metal_buckler,118.0,0.0,1.87,63.10160427807486,0.0,Warfare,Shield,,
flawless_silver_metal_buckler,134.0,0.0,1.87,71.65775401069519,0.0,Warfare,Shield,,
flimsy_gold_metal_buckler,40.0,0.0,3.4,11.764705882352942,0.0,Warfare,Shield,,
sturdy_gold_metal_buckler,62.0,0.0,3.4,18.235294117647058,0.0,Warfare,Shield,,
good_gold_metal_buckler,88.0,0.0,3.4,25.88235294117647,0.0,Warfare,Shield,,
fine_gold_metal_buckler,101.0,0.0,3.4,29.705882352941178,0.0,Warfare,Shield,,
superior_gold_metal_buckler,123.0,0.0,3.4,36.1764705882353,0.0,Warfare,Shield,,
flawless_gold_metal_buckler,141.0,0.0,3.4,41.470588235294116,0.0,Warfare,Shield,,
flimsy_wooden_kite_shield,45.0,0.0,3.0,15.0,0.0,Warfare,Shield,,
sturdy_wooden_kite_shield,70.0,0.0,3.0,23.333333333333332,0.0,Warfare,Shield,,
good_wooden_kite_shield,100.0,0.0,3.0,33.333333333333336,0.0,Warfare,Shield,,
fine_wooden_kite_shield,115.0,0.0,3.0,38.333333333333336,0.0,Warfare,Shield,,
superior_wooden_kite_shield,140.0,0.0,3.0,46.666666666666664,0.0,Warfare,Shield,,
flawless_wooden_kite_shield,160.0,0.0,3.0,53.333333333333336,0.0,Warfare,Shield,,
flimsy_kite_shield,45.0,0.0,3.0,15.0,0.0,Warfare,Shield,,
sturdy_kite_shield,70.0,0.0,3.0,23.333333333333332,0.0,Warfare,Shield,,
good_kite_shield,100.0,0.0,3.0,33.333333333333336,0.0,Warfare,Shield,,
fine_kite_shield,115.0,0.0,3.0,38.333333333333336,0.0,Warfare,Shield,,
superior_kite_shield,140.0,0.0,3.0,46.666666666666664,0.0,Warfare,Shield,,
flawless_kite_shield,160.0,0.0,3.0,53.333333333333336,0.0,Warfare,Shield,,
flimsy_steel_kite_shield,81.0,0.0,3.0,27.0,0.0,Warfare,Shield,,
sturdy_steel_kite_shield,126.0,0.0,3.0,42.0,0.0,Warfare,Shield,,
good_steel_kite_shield,180.0,0.0,3.0,60.0,0.0,Warfare,Shield,,
fine_steel_kite_shield,207.0,0.0,3.0,69.0,0.0,Warfare,Shield,,
superior_steel_kite_shield,252.0,0.0,3.0,84.0,0.0,Warfare,Shield,,
flawless_steel_kite_shield,288.0,0.0,3.0,96.0,0.0,Warfare,Shield,,
flimsy_silver_kite_shield,47.0,0.0,3.3000000000000003,14.24242424242424,0.0,Warfare,Shield,,
sturdy_silver_kite_shield,74.0,0.0,3.3000000000000003,22.424242424242422,0.0,Warfare,Shield,,
good_silver_kite_shield,105.0,0.0,3.3000000000000003,31.818181818181817,0.0,Warfare,Shield,,
fine_silver_kite_shield,121.0,0.0,3.3000000000000003,36.666666666666664,0.0,Warfare,Shield,,
superior_silver_kite_shield,147.0,0.0,3.3000000000000003,44.54545454545454,0.0,Warfare,Shield,,
flawless_silver_kite_shield,168.0,0.0,3.3000000000000003,50.90909090909091,0.0,Warfare,Shield,,
flimsy_gold_kite_shield,50.0,0.0,6.0,8.333333333333334,0.0,Warfare,Shield,,
sturdy_gold_kite_shield,77.0,0.0,6.0,12.833333333333334,0.0,Warfare,Shield,,
good_gold_kite_shield,110.0,0.0,6.0,18.333333333333332,0.0,Warfare,Shield,,
fine_gold_kite_shield,127.0,0.0,6.0,21.166666666666668,0.0,Warfare,Shield,,
superior_gold_kite_shield,154.0,0.0,6.0,25.666666666666668,0.0,Warfare,Shield,,
flawless_gold_kite_shield,176.0,0.0,6.0,29.333333333333332,0.0,Warfare,Shield,,
flimsy_wooden_shield,34.0,0.0,1.5,22.666666666666668,0.0,Warfare,Shield,,
sturdy_wooden_shield,53.0,0.0,1.5,35.333333333333336,0.0,Warfare,Shield,,
good_wooden_shield,75.0,0.0,1.5,50.0,0.0,Warfare,Shield,,
fine_wooden_shield,86.0,0.0,1.5,57.333333333333336,0.0,Warfare,Shield,,
superior_wooden_shield,105.0,0.0,1.5,70.0,0.0,Warfare,Shield,,
flawless_wooden_shield,120.0,0.0,1.5,80.0,0.0,Warfare,Shield,,
flimsy_reinforced_wooden_shield,38.0,0.0,1.6,23.75,0.0,Warfare,Shield,,
sturdy_reinforced_wooden_shield,60.0,0.0,1.6,37.5,0.0,Warfare,Shield,,
good_reinforced_wooden_shield,85.0,0.0,1.6,53.125,0.0,Warfare,Shield,,
fine_reinforced_wooden_shield,98.0,0.0,1.6,61.25,0.0,Warfare,Shield,,
superior_reinforced_wooden_shield,119.0,0.0,1.6,74.375,0.0,Warfare,Shield,,
flawless_reinforced_wooden_shield,136.0,0.0,1.6,85.0,0.0,Warfare,Shield,,
flimsy_metal_shield,41.0,0.0,2.3,17.826086956521742,0.0,Warfare,Shield,,
sturdy_metal_shield,63.0,0.0,2.3,27.39130434782609,0.0,Warfare,Shield,,
good_metal_shield,90.0,0.0,2.3,39.130434782608695,0.0,Warfare,Shield,,
fine_metal_shield,104.0,0.0,2.3,45.21739130434783,0.0,Warfare,Shield,,
superior_metal_shield,126.0,0.0,2.3,54.78260869565218,0.0,Warfare,Shield,,
flawless_metal_shield,144.0,0.0,2.3,62.60869565217392,0.0,Warfare,Shield,,
flimsy_steel_metal_shield,73.0,0.0,2.3,31.739130434782613,0.0,Warfare,Shield,,
sturdy_steel_metal_shield,113.0,0.0,2.3,49.1304347826087,0.0,Warfare,Shield,,
good_steel_metal_shield,162.0,0.0,2.3,70.43478260869566,0.0,Warfare,Shield,,
fine_steel_metal_shield,186.0,0.0,2.3,80.86956521739131,0.0,Warfare,Shield,,
superior_steel_metal_shield,227.0,0.0,2.3,98.69565217391305,0.0,Warfare,Shield,,
flawless_steel_metal_shield,259.0,0.0,2.3,112.60869565217392,0.0,Warfare,Shield,,
flimsy_silver_metal_shield,43.0,0.0,2.53,16.99604743083004,0.0,Warfare,Shield,,
sturdy_silver_metal_shield,66.0,0.0,2.53,26.086956521739133,0.0,Warfare,Shield,,
good_silver_metal_shield,95.0,0.0,2.53,37.54940711462451,0.0,Warfare,Shield,,
fine_silver_metal_shield,109.0,0.0,2.53,43.08300395256917,0.0,Warfare,Shield,,
superior_silver_metal_shield,132.0,0.0,2.53,52.173913043478265,0.0,Warfare,Shield,,
flawless_silver_metal_shield,151.0,0.0,2.53,59.683794466403164,0.0,Warfare,Shield,,
flimsy_gold_metal_shield,45.0,0.0,4.6,9.782608695652174,0.0,Warfare,Shield,,
sturdy_gold_metal_shield,69.0,0.0,4.6,15.000000000000002,0.0,Warfare,Shield,,
good_gold_metal_shield,99.0,0.0,4.6,21.521739130434785,0.0,Warfare,Shield,,
fine_gold_metal_shield,114.0,0.0,4.6,24.782608695652176,0.0,Warfare,Shield,,
superior_gold_metal_shield,139.0,0.0,4.6,30.217391304347828,0.0,Warfare,Shield,,
flawless_gold_metal_shield,158.0,0.0,4.6,34.34782608695652,0.0,Warfare,Shield,,
flimsy_tower_shield,50.0,0.0,11.0,4.545454545454546,0.0,Warfare,Shield,,
sturdy_tower_shield,77.0,0.0,11.0,7.0,0.0,Warfare,Shield,,
good_tower_shield,110.0,0.0,11.0,10.0,0.0,Warfare,Shield,,
fine_tower_shield,127.0,0.0,11.0,11.545454545454545,0.0,Warfare,Shield,,
superior_tower_shield,154.0,0.0,11.0,14.0,0.0,Warfare,Shield,,
flawless_tower_shield,176.0,0.0,11.0,16.0,0.0,Warfare,Shield,,
flimsy_wicker_shield,14.0,0.0,11.0,1.2727272727272727,0.0,Warfare,Shield,,
sturdy_wicker_shield,21.0,0.0,11.0,1.9090909090909092,0.0,Warfare,Shield,,
good_wicker_shield,30.0,0.0,11.0,2.727272727272727,0.0,Warfare,Shield,,
fine_wicker_shield,35.0,0.0,11.0,3.1818181818181817,0.0,Warfare,Shield,,
superior_wicker_shield,42.0,0.0,11.0,3.8181818181818183,0.0,Warfare,Shield,,
flawless_wicker_shield,48.0,0.0,11.0,4.363636363636363,0.0,Warfare,Shield,,
flimsy_bone_shield,23.0,0.0,11.0,2.090909090909091,0.0,Warfare,Shield,,
sturdy_bone_shield,35.0,0.0,11.0,3.1818181818181817,0.0,Warfare,Shield,,
good_bone_shield,50.0,0.0,11.0,4.545454545454546,0.0,Warfare,Shield,,
fine_bone_shield,58.0,0.0,11.0,5.2727272727272725,0.0,Warfare,Shield,,
superior_bone_shield,70.0,0.0,11.0,6.363636363636363,0.0,Warfare,Shield,,
flawless_bone_shield,80.0,0.0,11.0,7.2727272727272725,0.0,Warfare,Shield,,
wood_table_small,49.0,0.0,15.0,3.2666666666666666,0.0,,,,
wood_table_medium,68.0,0.0,25.0,2.72,0.0,,,,
wood_table_large,169.0,0.0,35.0,4.828571428571428,0.0,,,,
stone_table_small,64.0,0.0,25.0,2.56,0.0,,,,
stone_table_medium,68.0,0.0,35.0,1.9428571428571428,0.0,,,,
stone_table_large,169.0,0.0,55.0,3.0727272727272728,0.0,,,,
quality_table_small,64.0,0.0,15.0,4.266666666666667,0.0,,,,
quality_table_large,191.0,0.0,25.0,7.64,0.0,,,,
quality_table_medium,82.0,0.0,35.0,2.342857142857143,0.0,,,,
wood_stool,26.0,0.0,5.0,5.2,0.0,,,,
stone_stool,46.0,0.0,8.0,5.75,0.0,,,,
wood_chair,56.0,0.0,7.0,8.0,0.0,,,,
stone_chair,61.0,0.0,15.0,4.066666666666666,0.0,,,,
hay_sleeping_spot,26.0,0.0,4.0,6.5,0.0,,,,
hay_wood_bed,116.0,0.0,30.0,3.8666666666666667,0.0,,,,
wood_torch,17.0,0.0,2.0,8.5,0.0,,,,
iron_torch,45.0,0.0,3.0,15.0,0.0,,,,
wood_torch_wall,17.0,0.0,2.0,8.5,0.0,,,,
iron_tourch_wall,47.0,0.0,3.0,15.666666666666666,0.0,,,,
clay_brazier,60.0,0.0,20.0,3.0,0.0,,,,
stone_brazier,64.0,0.0,25.0,2.56,0.0,,,,
iron_brazier,113.0,0.0,23.0,4.913043478260869,0.0,,,,
clay_brick_brazier,101.0,0.0,30.0,3.3666666666666667,0.0,,,,
stone_brick_brazier,101.0,0.0,30.0,3.3666666666666667,0.0,,,,
banner_single_medium,32.0,0.0,10.0,3.2,0.0,,,,
banner_single_large,32.0,0.0,10.0,3.2,0.0,,,,
banner_dubble_large,32.0,0.0,10.0,3.2,0.0,,,,
banner_one_side_medium,32.0,0.0,10.0,3.2,0.0,,,,
banner_wall_medium,32.0,0.0,10.0,3.2,0.0,,,,
banner_one_side_large,32.0,0.0,10.0,3.2,0.0,,,,
banner_wall_large,32.0,0.0,10.0,3.2,0.0,,,,
banner_wall_one_side_medium,32.0,0.0,10.0,3.2,0.0,,,,
banner_small_tall,32.0,0.0,10.0,3.2,0.0,,,,
wall_shield_decoration,38.0,0.0,10.0,3.8,0.0,,,,
wall_deer_head_decoration,33.0,0.0,10.0,3.3,0.0,,,,
wall_bookshelf,56.0,0.0,10.0,5.6,0.0,,,,
standing_bookshelf,56.0,0.0,10.0,5.6,0.0,,,,
weapon_rack,56.0,0.0,10.0,5.6,0.0,,,,
armour_rack,48.0,0.0,10.0,4.8,0.0,,,,
shelf,56.0,0.0,10.0,5.6,0.0,,,,
chest,37.0,0.0,10.0,3.7,0.0,,,,
wall_pottery_shelf,33.0,0.0,15.0,2.2,0.0,,,,
wall_decoration_christian,33.0,0.0,20.0,1.65,0.0,,,,
wall_decoration_pagan,33.0,0.0,20.0,1.65,0.0,,,,
wall_tool_shelf,33.0,0.0,10.0,3.3,0.0,,,,
shrine_christian_wood,146.0,0.0,35.0,4.171428571428572,0.0,,,,
shrine_pagan_wood,146.0,0.0,35.0,4.171428571428572,0.0,,,,
shrine_christian_stone,154.0,0.0,45.0,3.422222222222222,0.0,,,,
shrine_pagan_stone,154.0,0.0,45.0,3.422222222222222,0.0,,,,
backgammon_table,135.0,0.0,35.0,3.857142857142857,0.0,,,,
wood_candle_wall,37.0,0.0,3.0,12.333333333333334,0.0,,,,
stone_candle,35.0,0.0,25.0,1.4,0.0,,,,
stone_candle_wall,37.0,0.0,6.0,6.166666666666667,0.0,,,,
iron_candle_wall,52.0,0.0,5.0,10.4,0.0,,,,
map_table,221.0,0.0,35.0,6.314285714285714,0.0,,,,
merchants_stall,143.0,0.0,40.0,3.575,0.0,,,,
caravan_post,68.0,0.0,15.0,4.533333333333333,0.0,,,,
stick_trap,51.0,0.0,5.0,10.2,0.0,,,,
wood_trap,72.0,0.0,7.0,10.285714285714286,0.0,,,,
metal_trap,101.0,0.0,12.0,8.416666666666666,0.0,,,,
butchering_table,142.0,0.0,25.0,5.68,0.0,,,,
camp_fire,51.0,0.0,6.0,8.5,0.0,,,,
smokehouse,135.0,0.0,50.0,2.7,0.0,,,,
limestone_smokehouse,150.0,0.0,50.0,3.0,0.0,,,,
brewing_station,177.0,0.0,45.0,3.933333333333333,0.0,,,,
spirit_destilary,504.0,0.0,50.0,10.08,0.0,,,,
apothecary_bench,257.0,0.0,35.0,7.3428571428571425,0.0,,,,
armourer_table,244.0,0.0,40.0,6.1,0.0,,,,
fletchers_table,206.0,0.0,35.0,5.885714285714286,0.0,,,,
basic_research_table,160.0,0.0,30.0,5.333333333333333,0.0,,,,
research_table,227.0,0.0,40.0,5.675,0.0,,,,
advanced_research_table,574.0,0.0,55.0,10.436363636363636,0.0,,,,
woodwork_bench,162.0,0.0,35.0,4.628571428571429,0.0,,,,
stonemasons_bench,202.0,0.0,35.0,5.771428571428571,0.0,,,,
smelting_station,200.0,0.0,50.0,4.0,0.0,,,,
limestone_smelting_station,210.0,0.0,50.0,4.2,0.0,,,,
kiln,142.0,0.0,45.0,3.1555555555555554,0.0,,,,
limestone_kiln,150.0,0.0,45.0,3.3333333333333335,0.0,,,,
sewing_station,206.0,0.0,35.0,5.885714285714286,0.0,,,,
ice_station,60.0,0.0,10.0,6.0,0.0,,,,
skep,122.0,0.0,8.0,15.25,0.0,,,,
pyre,70.0,0.0,35.0,2.0,0.0,,,,
